{"idLang":2,"id":"Agriculture and Rural Development","nbLobby":3263,"perNbLobby":0.25394972371390767,"rankNbLobby":22,"cash":118112723.87629387,"rankCash":23,"nbLobbyist":6409,"topCountries":[["Belgium","570"],["Germany","349"],["Italy","343"],["France","325"],["Spain","246"],["United kingdom","230"],["Netherlands","153"],["United states","81"],["Sweden","64"],["Ireland","63"]],"topLobbyPeople":[["412695711708-33","4250"],["085320713395-48","600"],["48512405429-11","440"],["242867516855-06","420"],["795108125772-36","340"],["893256525431-44","300"],["8768994186-53","226"],["01152007812-56","165"],["501262611204-82","160"],["755061425995-25","150"]],"topLobbyCash":[["412695711708-33","4250"],["085320713395-48","600"],["48512405429-11","440"],["242867516855-06","420"],["795108125772-36","340"],["893256525431-44","300"],["8768994186-53","226"],["01152007812-56","165"],["501262611204-82","160"],["755061425995-25","150"]]}