{"idLang":2,"id":"Agriculture and Rural Development","nbLobby":3269,"perNbLobby":0.2544166861234337,"rankNbLobby":22,"cash":117978814.36683787,"rankCash":23,"nbLobbyist":6432,"topCountriesNb":[["Belgium","570"],["Germany","350"],["Italy","344"],["France","326"],["Spain","246"],["United kingdom","231"],["Netherlands","153"],["United states","81"],["Sweden","64"],["Ireland","63"]],"topCountriesCash":[["Belgium","152230500"],["Germany","41559381"],["United kingdom","37875914.5"],["France","29298881"],["United states","26841472"],["Spain","22050946.5"],["Italy","19513831"],["Netherlands","18187449"],["Greece","15077822"],["Portugal","14562479"]],"topLobbyPeople":[["412695711708-33","Asociación Internacional Happy Children","4250"],["085320713395-48","GUARDIA FAUNISTICA AMBIENTALE (GFA)","600"],["48512405429-11","REAL CASA DE PORTUGAL (Real Casa)","440"],["242867516855-06","International Food Policy Research Institute","420"],["795108125772-36","The University of Nottingham","340"],["893256525431-44","University of Glasgow (UGLA)","300"],["8768994186-53","Lietuvos mokslų akademija","226"],["01152007812-56","Fundación Tekniker","165"],["501262611204-82","Austrian Senior Experts Pool","160"],["755061425995-25","Tierärztliche Vereinigung für Tierschutz e.V.","150"]],"topLobbyCash":[["564852425031-82","I.R.I.S. Solutions & Experts S.A. (I.R.I.S. S&E)","11056720"],["251809024337-33","Αριστοτέλειο Πανεπιστήμιο Θεσσαλονίκης (ΑΠΘ)","10000000"],["56047191389-84","Fleishman-Hillard","6874999.5"],["33213703459-54","Insurance Europe","6874999.5"],["738492215435-82","European Centre for Development Policy Management","6374999.5"],["177994617312-19","The Brookings Institution","6374999.5"],["29896393398-67","FTI Consulting Belgium","6124999.5"],["327277116152-88","Câmara Municipal de Ponta Delgada","6124999.5"],["656911421939-69","Wilton Park Executive Agency (Wilton Park)","5217609"],["7028457765-59","Interel European Affairs","4874999.5"]]}