{"idLang":11,"id":"Audiovisual and Media","nbLobby":2298,"perNbLobby":0.1788466028484707,"rankNbLobby":35,"cash":66807678.48517395,"rankCash":28,"nbLobbyist":3261,"topCountriesNb":[["Belgium","456"],["Italy","229"],["Germany","224"],["United kingdom","212"],["France","201"],["Spain","142"],["Netherlands","91"],["United states","84"],["Poland","68"],["Austria","52"]],"topCountriesCash":[["Belgium","133537268.5"],["United states","46030966.5"],["United kingdom","31185916"],["Germany","27161424"],["Spain","26369201.5"],["France","19023926.5"],["Greece","12572489"],["Ireland","10379986"],["Italy","9903925.5"],["Sweden","8819486.5"]],"topLobbyPeople":[["412695711708-33","Asociación Internacional Happy Children","4250"],["085320713395-48","GUARDIA FAUNISTICA AMBIENTALE (GFA)","600"],["795108125772-36","The University of Nottingham","340"],["893256525431-44","University of Glasgow (UGLA)","300"],["01152007812-56","Fundación Tekniker","165"],["256799815101-78","UNINOVA-Instituto de Desenvolvimento de Novas Tecnologias","153"],["34293437617-43","Consiglio Italiano del Movimento Europeo","120"],["93614845314-44","BAFI Belgian AirFreight Institute (BAFI)","100"],["163449611538-93","Telespazio (TPZ)","100"],["34440804405-24","UNIVERSIDAD DE ALICANTE","88"]],"topLobbyCash":[["311716624860-88","Sagardoy Abogados","17716451"],["564852425031-82","I.R.I.S. Solutions & Experts S.A. (I.R.I.S. S&E)","11056720"],["251809024337-33","Αριστοτέλειο Πανεπιστήμιο Θεσσαλονίκης (ΑΠΘ)","10000000"],["56047191389-84","Fleishman-Hillard","6874999.5"],["177994617312-19","The Brookings Institution","6374999.5"],["29896393398-67","FTI Consulting Belgium","6124999.5"],["03181945560-59","Google","5374999.5"],["7028457765-59","Interel European Affairs","4874999.5"],["0801162959-21","Microsoft Corporation","4624500"],["9155503593-86","Burson-Marsteller","4624500"]]}