{"idLang":11,"id":"Audiovisual and Media","nbLobby":2296,"perNbLobby":0.17869094871196203,"rankNbLobby":35,"cash":67004168.98280022,"rankCash":29,"nbLobbyist":3252,"topCountries":[["Belgium","456"],["Italy","229"],["Germany","224"],["United kingdom","212"],["France","201"],["Spain","142"],["Netherlands","91"],["United states","84"],["Poland","68"],["Austria","52"]],"topLobbyPeople":[["412695711708-33","4250"],["085320713395-48","600"],["795108125772-36","340"],["893256525431-44","300"],["01152007812-56","165"],["256799815101-78","153"],["34293437617-43","120"],["93614845314-44","100"],["163449611538-93","100"],["34440804405-24","88"]],"topLobbyCash":[["412695711708-33","4250"],["085320713395-48","600"],["795108125772-36","340"],["893256525431-44","300"],["01152007812-56","165"],["256799815101-78","153"],["34293437617-43","120"],["93614845314-44","100"],["163449611538-93","100"],["34440804405-24","88"]]}