{"idLang":12,"id":"Budget","nbLobby":1729,"perNbLobby":0.1345630010117519,"rankNbLobby":13,"cash":52092059.36290762,"rankCash":32,"nbLobbyist":2277.747918125924,"topCountries":[["Belgium","376"],["France","163"],["Germany","154"],["Italy","147"],["United kingdom","141"],["Spain","127"],["Netherlands","67"],["Poland","46"],["United states","42"],["Portugal","35"]],"topLobbyPeople":[["412695711708-33","4250"],["085320713395-48","600"],["795108125772-36","340"],["893256525431-44","300"],["978094510141-34","100"],["163449611538-93","100"],["34440804405-24","88"],["536909915836-27","86"],["072659518836-70","79"],["346199524382-18","75"]],"topLobbyCash":[["412695711708-33","4250"],["085320713395-48","600"],["795108125772-36","340"],["893256525431-44","300"],["978094510141-34","100"],["163449611538-93","100"],["34440804405-24","88"],["536909915836-27","86"],["072659518836-70","79"],["346199524382-18","75"]]}