{"idLang":12,"id":"Budget","nbLobby":1729,"perNbLobby":0.1345630010117519,"rankNbLobby":13,"cash":52001229.33722469,"rankCash":31,"nbLobbyist":2277,"topCountriesNb":[["Belgium","376"],["France","163"],["Germany","154"],["Italy","147"],["United kingdom","141"],["Spain","127"],["Netherlands","67"],["Poland","46"],["United states","42"],["Portugal","35"]],"topCountriesCash":[["Belgium","137344073"],["Germany","43797450"],["United states","35756482.5"],["United kingdom","32273943.5"],["France","21569942"],["Italy","13844447.5"],["Netherlands","12416976"],["Greece","12287491"],["Spain","10272256"],["Sweden","10096989"]],"topLobbyPeople":[["412695711708-33","Asociación Internacional Happy Children","4250"],["085320713395-48","GUARDIA FAUNISTICA AMBIENTALE (GFA)","600"],["795108125772-36","The University of Nottingham","340"],["893256525431-44","University of Glasgow (UGLA)","300"],["978094510141-34","Banca Monte Paschi Belgio","100"],["163449611538-93","Telespazio (TPZ)","100"],["34440804405-24","UNIVERSIDAD DE ALICANTE","88"],["536909915836-27","University of Warwick","86"],["072659518836-70","Ενωση Περιφερειων Ελλαδας (ΕΝΠΕ)","79"],["346199524382-18","The European Chamber of Commerce of Sri Lanka (ECCSL)","75"]],"topLobbyCash":[["564852425031-82","I.R.I.S. Solutions & Experts S.A. (I.R.I.S. S&E)","11056720"],["251809024337-33","Αριστοτέλειο Πανεπιστήμιο Θεσσαλονίκης (ΑΠΘ)","10000000"],["33213703459-54","Insurance Europe","6874999.5"],["177994617312-19","The Brookings Institution","6374999.5"],["29896393398-67","FTI Consulting Belgium","6124999.5"],["4016736872-59","General Electric Company","5374999.5"],["12493392840-79","EUROCITIES","4874999.5"],["05032108616-26","Shell Companies","4624500"],["0801162959-21","Microsoft Corporation","4624500"],["9155503593-86","Burson-Marsteller","4624500"]]}