{"idLang":14,"id":"Climate Action","nbLobby":4471,"perNbLobby":0.347964822165149,"rankNbLobby":6,"cash":272398541.7081874,"rankCash":10,"nbLobbyist":9494,"topCountriesNb":[["Belgium","838"],["Germany","556"],["France","400"],["United kingdom","392"],["Italy","325"],["Spain","308"],["Netherlands","225"],["United states","123"],["Sweden","114"],["Finland","96"]],"topCountriesCash":[["Belgium","838"],["Germany","556"],["France","400"],["United kingdom","392"],["Italy","325"],["Spain","308"],["Netherlands","225"],["United states","123"],["Sweden","114"],["Finland","96"]],"topLobbyPeople":[["Belgium","243423126","Germany"],["97418800.5","United kingdom","71822351"],["United states","47394449","France"],["46743357","Spain","43870919.5"],["Netherlands","33404214","Italy"],["23975336","Greece","23485317"],["Sweden","18724962.5"]],"topLobbyCash":[["Belgium","243423126","Germany"],["97418800.5","United kingdom","71822351"],["United states","47394449","France"],["46743357","Spain","43870919.5"],["Netherlands","33404214","Italy"],["23975336","Greece","23485317"],["Sweden","18724962.5"]]}