{"idLang":14,"id":"Climate Action","nbLobby":4471,"perNbLobby":0.347964822165149,"rankNbLobby":6,"cash":272398541.7081874,"rankCash":10,"nbLobbyist":9494,"topCountriesNb":[["Belgium","838"],["Germany","556"],["France","400"],["United kingdom","392"],["Italy","325"],["Spain","308"],["Netherlands","225"],["United states","123"],["Sweden","114"],["Finland","96"]],"topCountriesCash":[["Belgium","243423126"],["Germany","97418800.5"],["United kingdom","71822351"],["United states","47394449"],["France","46743357"],["Spain","43870919.5"],["Netherlands","33404214"],["Italy","23975336"],["Greece","23485317"],["Sweden","18724962.5"]],"topLobbyPeople":[["085320713395-48","GUARDIA FAUNISTICA AMBIENTALE (GFA)","600"],["242867516855-06","International Food Policy Research Institute","420"],["795108125772-36","The University of Nottingham","340"],["893256525431-44","University of Glasgow (UGLA)","300"],["8768994186-53","Lietuvos mokslų akademija","226"],["344747327303-19","Center of Global Consciousness","201"],["01152007812-56","Fundación Tekniker","165"],["501262611204-82","Austrian Senior Experts Pool","160"],["256799815101-78","UNINOVA-Instituto de Desenvolvimento de Novas Tecnologias","153"],["93614845314-44","BAFI Belgian AirFreight Institute (BAFI)","100"]],"topLobbyCash":[["564852425031-82","I.R.I.S. Solutions & Experts S.A. (I.R.I.S. S&E)","11056720"],["246886925195-64","Empresa Municipal de Transportes de Madrid S.A (EMT de Madrid)","10000000"],["251809024337-33","Αριστοτέλειο Πανεπιστήμιο Θεσσαλονίκης (ΑΠΘ)","10000000"],["640075618084-13","JA Europe","8124999.5"],["56047191389-84","Fleishman-Hillard","6874999.5"],["33213703459-54","Insurance Europe","6874999.5"],["876602816224-14","Stiftung Mercator","6874999.5"],["153944624341-42","ANTIPOLLUTION S.A. (ANTIPOLLUTION)","6874999.5"],["738492215435-82","European Centre for Development Policy Management","6374999.5"],["177994617312-19","The Brookings Institution","6374999.5"]]}