{"idLang":14,"id":"Climate Action","nbLobby":4466,"perNbLobby":0.34757568682387735,"rankNbLobby":6,"cash":272220778.4541988,"rankCash":10,"nbLobbyist":9469.699587516538,"topCountries":[["Belgium","838"],["Germany","555"],["France","399"],["United kingdom","391"],["Italy","324"],["Spain","308"],["Netherlands","225"],["United states","123"],["Sweden","114"],["Finland","96"]],"topLobbyPeople":[["085320713395-48","600"],["242867516855-06","420"],["795108125772-36","340"],["893256525431-44","300"],["8768994186-53","226"],["344747327303-19","201"],["01152007812-56","165"],["501262611204-82","160"],["256799815101-78","153"],["93614845314-44","100"]],"topLobbyCash":[["085320713395-48","600"],["242867516855-06","420"],["795108125772-36","340"],["893256525431-44","300"],["8768994186-53","226"],["344747327303-19","201"],["01152007812-56","165"],["501262611204-82","160"],["256799815101-78","153"],["93614845314-44","100"]]}