{"idLang":18,"id":"Communication","nbLobby":2601,"perNbLobby":0.20242820452953536,"rankNbLobby":27,"cash":80242260.01365864,"rankCash":26,"nbLobbyist":4269,"topCountries":[["Belgium","458"],["Germany","322"],["Italy","306"],["United kingdom","199"],["France","189"],["Spain","148"],["Netherlands","105"],["United states","76"],["Poland","65"],["Austria","57"]],"topLobbyPeople":[["412695711708-33","4250"],["085320713395-48","600"],["795108125772-36","340"],["893256525431-44","300"],["434039726222-41","198"],["501262611204-82","160"],["256799815101-78","153"],["745048317599-40","134"],["574396814111-25","124"],["34293437617-43","120"]],"topLobbyCash":[["412695711708-33","4250"],["085320713395-48","600"],["795108125772-36","340"],["893256525431-44","300"],["434039726222-41","198"],["501262611204-82","160"],["256799815101-78","153"],["745048317599-40","134"],["574396814111-25","124"],["34293437617-43","120"]]}