{"idLang":18,"id":"Communication","nbLobby":2602,"perNbLobby":0.2025060315977897,"rankNbLobby":27,"cash":79971882.83376138,"rankCash":25,"nbLobbyist":4272,"topCountriesNb":[["Belgium","459"],["Germany","322"],["Italy","306"],["United kingdom","199"],["France","189"],["Spain","148"],["Netherlands","105"],["United states","76"],["Poland","65"],["Austria","57"]],"topCountriesCash":[["Belgium","125247948.5"],["Germany","54089384.5"],["United states","35586968.5"],["United kingdom","31358924"],["Spain","27276201.5"],["Greece","14564984.5"],["Italy","13832995"],["France","13254431.5"],["Sweden","10576983"],["Ireland","9195537"]],"topLobbyPeople":[["412695711708-33","Asociación Internacional Happy Children","4250"],["085320713395-48","GUARDIA FAUNISTICA AMBIENTALE (GFA)","600"],["795108125772-36","The University of Nottingham","340"],["893256525431-44","University of Glasgow (UGLA)","300"],["434039726222-41","Bundesverband ANUAS e.V. - Hilfsorganisation für Angehörige von Mord-, Tötungs-, Suizid- und Vermisstenfällen","198"],["501262611204-82","Austrian Senior Experts Pool","160"],["256799815101-78","UNINOVA-Instituto de Desenvolvimento de Novas Tecnologias","153"],["745048317599-40","ASOCIAŢIA SOCIETATEA ROMÂNĂ PT PREVENIREA ŞI RECUPERAREA MEDICALĂ A PERSOANELOR CU ACCIDENT VASCULAR CEREBRAL (S.R.P.R.M.P.A.V.C.)","134"],["574396814111-25","Fundación Secretariado Gitano","124"],["34293437617-43","Consiglio Italiano del Movimento Europeo","120"]],"topLobbyCash":[["311716624860-88","Sagardoy Abogados","17716451"],["564852425031-82","I.R.I.S. Solutions & Experts S.A. (I.R.I.S. S&E)","11056720"],["251809024337-33","Αριστοτέλειο Πανεπιστήμιο Θεσσαλονίκης (ΑΠΘ)","10000000"],["56047191389-84","Fleishman-Hillard","6874999.5"],["876602816224-14","Stiftung Mercator","6874999.5"],["177994617312-19","The Brookings Institution","6374999.5"],["29896393398-67","FTI Consulting Belgium","6124999.5"],["4016736872-59","General Electric Company","5374999.5"],["03181945560-59","Google","5374999.5"],["7028457765-59","Interel European Affairs","4874999.5"]]}