{"idLang":18,"id":"Communication","nbLobby":2602,"perNbLobby":0.2025060315977897,"rankNbLobby":27,"cash":79971882.83376138,"rankCash":25,"nbLobbyist":4272,"topCountriesNb":[["Belgium","459"],["Germany","322"],["Italy","306"],["United kingdom","199"],["France","189"],["Spain","148"],["Netherlands","105"],["United states","76"],["Poland","65"],["Austria","57"]],"topCountriesCash":[["Belgium","459"],["Germany","322"],["Italy","306"],["United kingdom","199"],["France","189"],["Spain","148"],["Netherlands","105"],["United states","76"],["Poland","65"],["Austria","57"]],"topLobbyPeople":[["Belgium","125247948.5","Germany"],["54089384.5","United states","35586968.5"],["United kingdom","31358924","Spain"],["27276201.5","Greece","14564984.5"],["Italy","13832995","France"],["13254431.5","Sweden","10576983"],["Ireland","9195537"]],"topLobbyCash":[["Belgium","125247948.5","Germany"],["54089384.5","United states","35586968.5"],["United kingdom","31358924","Spain"],["27276201.5","Greece","14564984.5"],["Italy","13832995","France"],["13254431.5","Sweden","10576983"],["Ireland","9195537"]]}