{"idLang":4,"id":"Competition","nbLobby":4631,"perNbLobby":0.36041715308584327,"rankNbLobby":5,"cash":296558311.43108416,"rankCash":6,"nbLobbyist":10175,"topCountriesNb":[["Belgium","890"],["Germany","639"],["France","476"],["United kingdom","382"],["Italy","348"],["Spain","291"],["Netherlands","193"],["United states","159"],["Finland","102"],["Switzerland","100"]],"topCountriesCash":[["Belgium","890"],["Germany","639"],["France","476"],["United kingdom","382"],["Italy","348"],["Spain","291"],["Netherlands","193"],["United states","159"],["Finland","102"],["Switzerland","100"]],"topLobbyPeople":[["Belgium","245239533","Germany"],["105560760","United states","81260930.5"],["United kingdom","76964341.5","France"],["59281814.5","Spain","42159143"],["Netherlands","26328929.5","Italy"],["26319070.5","Switzerland","25184459"],["Sweden","19926966.5"]],"topLobbyCash":[["Belgium","245239533","Germany"],["105560760","United states","81260930.5"],["United kingdom","76964341.5","France"],["59281814.5","Spain","42159143"],["Netherlands","26328929.5","Italy"],["26319070.5","Switzerland","25184459"],["Sweden","19926966.5"]]}