{"idLang":4,"id":"Competition","nbLobby":4631,"perNbLobby":0.36041715308584327,"rankNbLobby":5,"cash":296558311.43108416,"rankCash":6,"nbLobbyist":10175,"topCountriesNb":[["Belgium","890"],["Germany","639"],["France","476"],["United kingdom","382"],["Italy","348"],["Spain","291"],["Netherlands","193"],["United states","159"],["Finland","102"],["Switzerland","100"]],"topCountriesCash":[["Belgium","245239533"],["Germany","105560760"],["United states","81260930.5"],["United kingdom","76964341.5"],["France","59281814.5"],["Spain","42159143"],["Netherlands","26328929.5"],["Italy","26319070.5"],["Switzerland","25184459"],["Sweden","19926966.5"]],"topLobbyPeople":[["412695711708-33","Asociación Internacional Happy Children","4250"],["085320713395-48","GUARDIA FAUNISTICA AMBIENTALE (GFA)","600"],["795108125772-36","The University of Nottingham","340"],["893256525431-44","University of Glasgow (UGLA)","300"],["886388618592-84","Asociación de Peritos Judiciales y Bachilleres.","225"],["501262611204-82","Austrian Senior Experts Pool","160"],["123192515096-52","Συνδεσμος Ελληνων Εισαγωγέων Τροφίμων και ποτών Εξωτερικού","108"],["93614845314-44","BAFI Belgian AirFreight Institute (BAFI)","100"],["83287446455-82","Instytut Techniki Budowlanej","100"],["163449611538-93","Telespazio (TPZ)","100"]],"topLobbyCash":[["311716624860-88","Sagardoy Abogados","17716451"],["564852425031-82","I.R.I.S. Solutions & Experts S.A. (I.R.I.S. S&E)","11056720"],["251809024337-33","Αριστοτέλειο Πανεπιστήμιο Θεσσαλονίκης (ΑΠΘ)","10000000"],["56047191389-84","Fleishman-Hillard","6874999.5"],["33213703459-54","Insurance Europe","6874999.5"],["177994617312-19","The Brookings Institution","6374999.5"],["29896393398-67","FTI Consulting Belgium","6124999.5"],["4016736872-59","General Electric Company","5374999.5"],["03181945560-59","Google","5374999.5"],["7028457765-59","Interel European Affairs","4874999.5"]]}