{"idLang":4,"id":"Competition","nbLobby":4628,"perNbLobby":0.36018367188108025,"rankNbLobby":5,"cash":296547190.8058215,"rankCash":5,"nbLobbyist":10157,"topCountries":[["Belgium","890"],["Germany","638"],["France","475"],["United kingdom","382"],["Italy","348"],["Spain","291"],["Netherlands","193"],["United states","159"],["Finland","102"],["Switzerland","100"]],"topLobbyPeople":[["412695711708-33","4250"],["085320713395-48","600"],["795108125772-36","340"],["893256525431-44","300"],["886388618592-84","225"],["501262611204-82","160"],["123192515096-52","108"],["93614845314-44","100"],["83287446455-82","100"],["163449611538-93","100"]],"topLobbyCash":[["412695711708-33","4250"],["085320713395-48","600"],["795108125772-36","340"],["893256525431-44","300"],["886388618592-84","225"],["501262611204-82","160"],["123192515096-52","108"],["93614845314-44","100"],["83287446455-82","100"],["163449611538-93","100"]]}