{"idLang":7,"id":"Consumer Affairs","nbLobby":4147,"perNbLobby":0.3227488520507433,"rankNbLobby":10,"cash":224466754.44170755,"rankCash":13,"nbLobbyist":8493,"topCountries":[["Belgium","883"],["Germany","605"],["France","399"],["United kingdom","352"],["Italy","329"],["Spain","261"],["Netherlands","182"],["United states","129"],["Poland","81"],["Portugal","75"]],"topLobbyPeople":[["412695711708-33","4250"],["085320713395-48","600"],["795108125772-36","340"],["893256525431-44","300"],["886388618592-84","225"],["344747327303-19","201"],["341668712648-90","169"],["34293437617-43","120"],["123192515096-52","108"],["93614845314-44","100"]],"topLobbyCash":[["412695711708-33","4250"],["085320713395-48","600"],["795108125772-36","340"],["893256525431-44","300"],["886388618592-84","225"],["344747327303-19","201"],["341668712648-90","169"],["34293437617-43","120"],["123192515096-52","108"],["93614845314-44","100"]]}