{"idLang":7,"id":"Consumer Affairs","nbLobby":4149,"perNbLobby":0.3229045061872519,"rankNbLobby":10,"cash":224466836.437894,"rankCash":14,"nbLobbyist":8501,"topCountriesNb":[["Belgium","883"],["Germany","605"],["France","400"],["United kingdom","352"],["Italy","329"],["Spain","261"],["Netherlands","182"],["United states","129"],["Poland","82"],["Portugal","75"]],"topCountriesCash":[["Belgium","217205781"],["Germany","96429773.5"],["United states","69045942"],["United kingdom","64331856.5"],["France","49823146"],["Spain","24957205.5"],["Italy","24641878"],["Netherlands","23023534"],["Switzerland","16849471"],["Greece","14907485"]],"topLobbyPeople":[["412695711708-33","Asociación Internacional Happy Children","4250"],["085320713395-48","GUARDIA FAUNISTICA AMBIENTALE (GFA)","600"],["795108125772-36","The University of Nottingham","340"],["893256525431-44","University of Glasgow (UGLA)","300"],["886388618592-84","Asociación de Peritos Judiciales y Bachilleres.","225"],["344747327303-19","Center of Global Consciousness","201"],["341668712648-90","FEDERATION ENVIRONNEMENT DURABLE","169"],["34293437617-43","Consiglio Italiano del Movimento Europeo","120"],["123192515096-52","Συνδεσμος Ελληνων Εισαγωγέων Τροφίμων και ποτών Εξωτερικού","108"],["93614845314-44","BAFI Belgian AirFreight Institute (BAFI)","100"]],"topLobbyCash":[["564852425031-82","I.R.I.S. Solutions & Experts S.A. (I.R.I.S. S&E)","11056720"],["251809024337-33","Αριστοτέλειο Πανεπιστήμιο Θεσσαλονίκης (ΑΠΘ)","10000000"],["56047191389-84","Fleishman-Hillard","6874999.5"],["33213703459-54","Insurance Europe","6874999.5"],["177994617312-19","The Brookings Institution","6374999.5"],["29896393398-67","FTI Consulting Belgium","6124999.5"],["327277116152-88","Câmara Municipal de Ponta Delgada","6124999.5"],["4016736872-59","General Electric Company","5374999.5"],["03181945560-59","Google","5374999.5"],["7028457765-59","Interel European Affairs","4874999.5"]]}