{"idLang":1,"id":"Culture","nbLobby":2673,"perNbLobby":0.20803175344384778,"rankNbLobby":15,"cash":75608018.14580901,"rankCash":27,"nbLobbyist":4764,"topCountriesNb":[["Belgium","509"],["Italy","377"],["France","261"],["Germany","249"],["United kingdom","205"],["Spain","166"],["Netherlands","102"],["Greece","60"],["Poland","54"],["Austria","52"]],"topCountriesCash":[["Belgium","116464928.5"],["United states","36136479"],["United kingdom","30396420.5"],["Germany","24496914"],["France","20439604"],["Italy","18439571.5"],["Netherlands","14759962"],["Greece","14550321.5"],["Spain","14147744.5"],["Portugal","10129985.5"]],"topLobbyPeople":[["412695711708-33","Asociación Internacional Happy Children","4250"],["085320713395-48","GUARDIA FAUNISTICA AMBIENTALE (GFA)","600"],["48512405429-11","REAL CASA DE PORTUGAL (Real Casa)","440"],["41548285433-81","OS CAVALEIROS DA CRUZ AZUL (OS CAVALEIROS)","440"],["795108125772-36","The University of Nottingham","340"],["893256525431-44","University of Glasgow (UGLA)","300"],["8768994186-53","Lietuvos mokslų akademija","226"],["2401666440-09","Fédération de l’Union Européenne des Consuls Honoraires","170"],["501262611204-82","Austrian Senior Experts Pool","160"],["653356213887-97","Association des Etudiants Tamoules de France (AETF)","156"]],"topLobbyCash":[["564852425031-82","I.R.I.S. Solutions & Experts S.A. (I.R.I.S. S&E)","11056720"],["251809024337-33","Αριστοτέλειο Πανεπιστήμιο Θεσσαλονίκης (ΑΠΘ)","10000000"],["738492215435-82","European Centre for Development Policy Management","6374999.5"],["177994617312-19","The Brookings Institution","6374999.5"],["29896393398-67","FTI Consulting Belgium","6124999.5"],["327277116152-88","Câmara Municipal de Ponta Delgada","6124999.5"],["03181945560-59","Google","5374999.5"],["7028457765-59","Interel European Affairs","4874999.5"],["12493392840-79","EUROCITIES","4874999.5"],["0801162959-21","Microsoft Corporation","4624500"]]}