{"idLang":1,"id":"Culture","nbLobby":2673,"perNbLobby":0.20803175344384778,"rankNbLobby":15,"cash":75608018.14580901,"rankCash":27,"nbLobbyist":4764,"topCountriesNb":[["Belgium","509"],["Italy","377"],["France","261"],["Germany","249"],["United kingdom","205"],["Spain","166"],["Netherlands","102"],["Greece","60"],["Poland","54"],["Austria","52"]],"topCountriesCash":[["Belgium","509"],["Italy","377"],["France","261"],["Germany","249"],["United kingdom","205"],["Spain","166"],["Netherlands","102"],["Greece","60"],["Poland","54"],["Austria","52"]],"topLobbyPeople":[["Belgium","116464928.5","United states"],["36136479","United kingdom","30396420.5"],["Germany","24496914","France"],["20439604","Italy","18439571.5"],["Netherlands","14759962","Greece"],["14550321.5","Spain","14147744.5"],["Portugal","10129985.5"]],"topLobbyCash":[["Belgium","116464928.5","United states"],["36136479","United kingdom","30396420.5"],["Germany","24496914","France"],["20439604","Italy","18439571.5"],["Netherlands","14759962","Greece"],["14550321.5","Spain","14147744.5"],["Portugal","10129985.5"]]}