{"idLang":1,"id":"Culture","nbLobby":2671,"perNbLobby":0.20787609930733908,"rankNbLobby":15,"cash":75869496.92182271,"rankCash":27,"nbLobbyist":4757.660284847069,"topCountries":[["Belgium","509"],["Italy","376"],["France","261"],["Germany","248"],["United kingdom","205"],["Spain","166"],["Netherlands","102"],["Greece","60"],["Poland","54"],["Austria","52"]],"topLobbyPeople":[["412695711708-33","4250"],["085320713395-48","600"],["48512405429-11","440"],["41548285433-81","440"],["795108125772-36","340"],["893256525431-44","300"],["8768994186-53","226"],["2401666440-09","170"],["501262611204-82","160"],["653356213887-97","156"]],"topLobbyCash":[["412695711708-33","4250"],["085320713395-48","600"],["48512405429-11","440"],["41548285433-81","440"],["795108125772-36","340"],["893256525431-44","300"],["8768994186-53","226"],["2401666440-09","170"],["501262611204-82","160"],["653356213887-97","156"]]}