{"idLang":17,"id":"Customs","nbLobby":2124,"perNbLobby":0.16530469297221573,"rankNbLobby":16,"cash":69650884.26149894,"rankCash":28,"nbLobbyist":2087,"topCountriesNb":[["Belgium","451"],["Germany","253"],["France","209"],["Italy","176"],["United kingdom","167"],["Spain","133"],["United states","88"],["Netherlands","77"],["Switzerland","60"],["Poland","48"]],"topCountriesCash":[["Belgium","143128208"],["United states","53658463.5"],["Germany","50315909"],["United kingdom","39855435"],["France","21354523.5"],["Switzerland","17499478"],["Greece","11552493.5"],["Italy","10289939"],["Ireland","10019988.5"],["Spain","8767749.5"]],"topLobbyPeople":[["085320713395-48","GUARDIA FAUNISTICA AMBIENTALE (GFA)","600"],["795108125772-36","The University of Nottingham","340"],["893256525431-44","University of Glasgow (UGLA)","300"],["745048317599-40","ASOCIAŢIA SOCIETATEA ROMÂNĂ PT PREVENIREA ŞI RECUPERAREA MEDICALĂ A PERSOANELOR CU ACCIDENT VASCULAR CEREBRAL (S.R.P.R.M.P.A.V.C.)","134"],["227730411485-31","ASSOCIATION of STEVEDORECOMPANIES of LATVIA Biedrība \" Latvijas Stividorkompāniju Asociācija \" (LSA)","125"],["123192515096-52","Συνδεσμος Ελληνων Εισαγωγέων Τροφίμων και ποτών Εξωτερικού","108"],["93614845314-44","BAFI Belgian AirFreight Institute (BAFI)","100"],["163449611538-93","Telespazio (TPZ)","100"],["34440804405-24","UNIVERSIDAD DE ALICANTE","88"],["536909915836-27","University of Warwick","86"]],"topLobbyCash":[["564852425031-82","I.R.I.S. Solutions & Experts S.A. (I.R.I.S. S&E)","11056720"],["251809024337-33","Αριστοτέλειο Πανεπιστήμιο Θεσσαλονίκης (ΑΠΘ)","10000000"],["110514415986-77","customs4trade","9124999.5"],["56047191389-84","Fleishman-Hillard","6874999.5"],["177994617312-19","The Brookings Institution","6374999.5"],["29896393398-67","FTI Consulting Belgium","6124999.5"],["4016736872-59","General Electric Company","5374999.5"],["7028457765-59","Interel European Affairs","4874999.5"],["0801162959-21","Microsoft Corporation","4624500"],["9155503593-86","Burson-Marsteller","4624500"]]}