{"idLang":17,"id":"Customs","nbLobby":2122,"perNbLobby":0.16514903883570706,"rankNbLobby":16,"cash":69667874.22671025,"rankCash":27,"nbLobbyist":2084,"topCountries":[["Belgium","451"],["Germany","253"],["France","208"],["Italy","176"],["United kingdom","167"],["Spain","133"],["United states","88"],["Netherlands","77"],["Switzerland","59"],["Poland","48"]],"topLobbyPeople":[["085320713395-48","600"],["795108125772-36","340"],["893256525431-44","300"],["745048317599-40","134"],["227730411485-31","125"],["123192515096-52","108"],["93614845314-44","100"],["163449611538-93","100"],["34440804405-24","88"],["536909915836-27","86"]],"topLobbyCash":[["085320713395-48","600"],["795108125772-36","340"],["893256525431-44","300"],["745048317599-40","134"],["227730411485-31","125"],["123192515096-52","108"],["93614845314-44","100"],["163449611538-93","100"],["34440804405-24","88"],["536909915836-27","86"]]}