{"idLang":5,"id":"Development","nbLobby":5035,"perNbLobby":0.39185928866059616,"rankNbLobby":24,"cash":272188788.00529224,"rankCash":11,"nbLobbyist":14201,"topCountriesNb":[["Belgium","886"],["Germany","540"],["Italy","521"],["France","482"],["United kingdom","368"],["Spain","352"],["Netherlands","229"],["United states","131"],["Poland","124"],["Sweden","98"]],"topCountriesCash":[["Belgium","886"],["Germany","540"],["Italy","521"],["France","482"],["United kingdom","368"],["Spain","352"],["Netherlands","229"],["United states","131"],["Poland","124"],["Sweden","98"]],"topLobbyPeople":[["Belgium","207577385","Germany"],["68886615.5","United states","53073451"],["United kingdom","53023365","France"],["44191320.5","Spain","37574908.5"],["Italy","32446364.5","Netherlands"],["26676927","Switzerland","20003969.5"],["Greece","19217809.5"]],"topLobbyCash":[["Belgium","207577385","Germany"],["68886615.5","United states","53073451"],["United kingdom","53023365","France"],["44191320.5","Spain","37574908.5"],["Italy","32446364.5","Netherlands"],["26676927","Switzerland","20003969.5"],["Greece","19217809.5"]]}