{"idLang":5,"id":"Development","nbLobby":5035,"perNbLobby":0.39185928866059616,"rankNbLobby":24,"cash":272188788.00529224,"rankCash":11,"nbLobbyist":14201,"topCountriesNb":[["Belgium","886"],["Germany","540"],["Italy","521"],["France","482"],["United kingdom","368"],["Spain","352"],["Netherlands","229"],["United states","131"],["Poland","124"],["Sweden","98"]],"topCountriesCash":[["Belgium","207577385"],["Germany","68886615.5"],["United states","53073451"],["United kingdom","53023365"],["France","44191320.5"],["Spain","37574908.5"],["Italy","32446364.5"],["Netherlands","26676927"],["Switzerland","20003969.5"],["Greece","19217809.5"]],"topLobbyPeople":[["412695711708-33","Asociación Internacional Happy Children","4250"],["085320713395-48","GUARDIA FAUNISTICA AMBIENTALE (GFA)","600"],["48512405429-11","REAL CASA DE PORTUGAL (Real Casa)","440"],["242867516855-06","International Food Policy Research Institute","420"],["795108125772-36","The University of Nottingham","340"],["893256525431-44","University of Glasgow (UGLA)","300"],["8768994186-53","Lietuvos mokslų akademija","226"],["2401666440-09","Fédération de l’Union Européenne des Consuls Honoraires","170"],["341668712648-90","FEDERATION ENVIRONNEMENT DURABLE","169"],["01152007812-56","Fundación Tekniker","165"]],"topLobbyCash":[["564852425031-82","I.R.I.S. Solutions & Experts S.A. (I.R.I.S. S&E)","11056720"],["251809024337-33","Αριστοτέλειο Πανεπιστήμιο Θεσσαλονίκης (ΑΠΘ)","10000000"],["56047191389-84","Fleishman-Hillard","6874999.5"],["33213703459-54","Insurance Europe","6874999.5"],["738492215435-82","European Centre for Development Policy Management","6374999.5"],["177994617312-19","The Brookings Institution","6374999.5"],["29896393398-67","FTI Consulting Belgium","6124999.5"],["327277116152-88","Câmara Municipal de Ponta Delgada","6124999.5"],["4016736872-59","General Electric Company","5374999.5"],["656911421939-69","Wilton Park Executive Agency (Wilton Park)","5217609"]]}