{"idLang":5,"id":"Development","nbLobby":5028,"perNbLobby":0.3913144991828158,"rankNbLobby":24,"cash":272281906.5813682,"rankCash":10,"nbLobbyist":14162.845668923652,"topCountries":[["Belgium","886"],["Germany","539"],["Italy","520"],["France","481"],["United kingdom","367"],["Spain","352"],["Netherlands","229"],["United states","131"],["Poland","123"],["Sweden","97"]],"topLobbyPeople":[["412695711708-33","4250"],["085320713395-48","600"],["48512405429-11","440"],["242867516855-06","420"],["795108125772-36","340"],["893256525431-44","300"],["8768994186-53","226"],["2401666440-09","170"],["341668712648-90","169"],["01152007812-56","165"]],"topLobbyCash":[["412695711708-33","4250"],["085320713395-48","600"],["48512405429-11","440"],["242867516855-06","420"],["795108125772-36","340"],["893256525431-44","300"],["8768994186-53","226"],["2401666440-09","170"],["341668712648-90","169"],["01152007812-56","165"]]}