{"idLang":8,"id":"Economic and Financial Affairs","nbLobby":4488,"perNbLobby":0.3492878823254728,"rankNbLobby":4,"cash":290050059.1753444,"rankCash":9,"nbLobbyist":10619,"topCountriesNb":[["Belgium","811"],["Germany","620"],["United kingdom","443"],["France","433"],["Italy","323"],["Spain","271"],["Netherlands","212"],["United states","151"],["Poland","105"],["Switzerland","86"]],"topCountriesCash":[["Belgium","248469567.5"],["Germany","108225773"],["United kingdom","86643826.5"],["United states","76800936.5"],["France","51666838"],["Spain","35368649.5"],["Netherlands","30467029"],["Switzerland","23561466"],["Italy","21161588"],["Sweden","18009469"]],"topLobbyPeople":[["412695711708-33","Asociación Internacional Happy Children","4250"],["085320713395-48","GUARDIA FAUNISTICA AMBIENTALE (GFA)","600"],["48512405429-11","REAL CASA DE PORTUGAL (Real Casa)","440"],["795108125772-36","The University of Nottingham","340"],["893256525431-44","University of Glasgow (UGLA)","300"],["8768994186-53","Lietuvos mokslų akademija","226"],["2401666440-09","Fédération de l’Union Européenne des Consuls Honoraires","170"],["341668712648-90","FEDERATION ENVIRONNEMENT DURABLE","169"],["01152007812-56","Fundación Tekniker","165"],["501262611204-82","Austrian Senior Experts Pool","160"]],"topLobbyCash":[["311716624860-88","Sagardoy Abogados","17716451"],["564852425031-82","I.R.I.S. Solutions & Experts S.A. (I.R.I.S. S&E)","11056720"],["251809024337-33","Αριστοτέλειο Πανεπιστήμιο Θεσσαλονίκης (ΑΠΘ)","10000000"],["56047191389-84","Fleishman-Hillard","6874999.5"],["33213703459-54","Insurance Europe","6874999.5"],["738492215435-82","European Centre for Development Policy Management","6374999.5"],["177994617312-19","The Brookings Institution","6374999.5"],["29896393398-67","FTI Consulting Belgium","6124999.5"],["327277116152-88","Câmara Municipal de Ponta Delgada","6124999.5"],["4016736872-59","General Electric Company","5374999.5"]]}