{"idLang":8,"id":"Economic and Financial Affairs","nbLobby":4487,"perNbLobby":0.3492100552572185,"rankNbLobby":4,"cash":290633215.7434431,"rankCash":9,"nbLobbyist":10613,"topCountries":[["Belgium","811"],["Germany","620"],["United kingdom","444"],["France","432"],["Italy","323"],["Spain","271"],["Netherlands","212"],["United states","151"],["Poland","104"],["Switzerland","86"]],"topLobbyPeople":[["412695711708-33","4250"],["085320713395-48","600"],["48512405429-11","440"],["795108125772-36","340"],["893256525431-44","300"],["8768994186-53","226"],["2401666440-09","170"],["341668712648-90","169"],["01152007812-56","165"],["501262611204-82","160"]],"topLobbyCash":[["412695711708-33","4250"],["085320713395-48","600"],["48512405429-11","440"],["795108125772-36","340"],["893256525431-44","300"],["8768994186-53","226"],["2401666440-09","170"],["341668712648-90","169"],["01152007812-56","165"],["501262611204-82","160"]]}