{"idLang":6,"id":"Education","nbLobby":4031,"perNbLobby":0.31372091213323994,"rankNbLobby":25,"cash":177633077.0145926,"rankCash":18,"nbLobbyist":9864,"topCountriesNb":[["Belgium","779"],["Germany","473"],["Italy","389"],["France","295"],["United kingdom","272"],["Spain","265"],["Netherlands","174"],["Poland","94"],["Austria","87"],["Greece","85"]],"topCountriesCash":[["Belgium","779"],["Germany","473"],["Italy","389"],["France","295"],["United kingdom","272"],["Spain","265"],["Netherlands","174"],["Poland","94"],["Austria","87"],["Greece","85"]],"topLobbyPeople":[["Belgium","174277600","Germany"],["82927132","United states","53510969"],["United kingdom","36588898.5","France"],["26968522.5","Spain","22655214"],["Italy","19550018.5","Portugal"],["16562474","Greece","16415313.5"],["Netherlands","14799938.5"]],"topLobbyCash":[["Belgium","174277600","Germany"],["82927132","United states","53510969"],["United kingdom","36588898.5","France"],["26968522.5","Spain","22655214"],["Italy","19550018.5","Portugal"],["16562474","Greece","16415313.5"],["Netherlands","14799938.5"]]}