{"idLang":6,"id":"Education","nbLobby":4028,"perNbLobby":0.3134874309284769,"rankNbLobby":25,"cash":177758720.01400888,"rankCash":18,"nbLobbyist":9852.90995408203,"topCountries":[["Belgium","778"],["Germany","473"],["Italy","388"],["France","295"],["United kingdom","272"],["Spain","265"],["Netherlands","174"],["Poland","94"],["Austria","87"],["Greece","85"]],"topLobbyPeople":[["412695711708-33","4250"],["085320713395-48","600"],["41548285433-81","440"],["060699823331-49","400"],["795108125772-36","340"],["893256525431-44","300"],["8768994186-53","226"],["501262611204-82","160"],["653356213887-97","156"],["256799815101-78","153"]],"topLobbyCash":[["412695711708-33","4250"],["085320713395-48","600"],["41548285433-81","440"],["060699823331-49","400"],["795108125772-36","340"],["893256525431-44","300"],["8768994186-53","226"],["501262611204-82","160"],["653356213887-97","156"],["256799815101-78","153"]]}