{"idLang":6,"id":"Education","nbLobby":4031,"perNbLobby":0.31372091213323994,"rankNbLobby":25,"cash":177633077.0145926,"rankCash":18,"nbLobbyist":9864,"topCountriesNb":[["Belgium","779"],["Germany","473"],["Italy","389"],["France","295"],["United kingdom","272"],["Spain","265"],["Netherlands","174"],["Poland","94"],["Austria","87"],["Greece","85"]],"topCountriesCash":[["Belgium","174277600"],["Germany","82927132"],["United states","53510969"],["United kingdom","36588898.5"],["France","26968522.5"],["Spain","22655214"],["Italy","19550018.5"],["Portugal","16562474"],["Greece","16415313.5"],["Netherlands","14799938.5"]],"topLobbyPeople":[["412695711708-33","Asociación Internacional Happy Children","4250"],["085320713395-48","GUARDIA FAUNISTICA AMBIENTALE (GFA)","600"],["41548285433-81","OS CAVALEIROS DA CRUZ AZUL (OS CAVALEIROS)","440"],["060699823331-49","SéHy - Sécurité-Hygiène = nom formation universitaire au début de l'association","400"],["795108125772-36","The University of Nottingham","340"],["893256525431-44","University of Glasgow (UGLA)","300"],["8768994186-53","Lietuvos mokslų akademija","226"],["501262611204-82","Austrian Senior Experts Pool","160"],["653356213887-97","Association des Etudiants Tamoules de France (AETF)","156"],["256799815101-78","UNINOVA-Instituto de Desenvolvimento de Novas Tecnologias","153"]],"topLobbyCash":[["564852425031-82","I.R.I.S. Solutions & Experts S.A. (I.R.I.S. S&E)","11056720"],["251809024337-33","Αριστοτέλειο Πανεπιστήμιο Θεσσαλονίκης (ΑΠΘ)","10000000"],["640075618084-13","JA Europe","8124999.5"],["56047191389-84","Fleishman-Hillard","6874999.5"],["876602816224-14","Stiftung Mercator","6874999.5"],["177994617312-19","The Brookings Institution","6374999.5"],["29896393398-67","FTI Consulting Belgium","6124999.5"],["327277116152-88","Câmara Municipal de Ponta Delgada","6124999.5"],["4016736872-59","General Electric Company","5374999.5"],["03181945560-59","Google","5374999.5"]]}