{"idLang":21,"id":"Employment and Social Affairs","nbLobby":3911,"perNbLobby":0.30438166394271926,"rankNbLobby":32,"cash":212275608.2197447,"rankCash":14,"nbLobbyist":8644,"topCountriesNb":[["Belgium","880"],["Germany","433"],["Italy","355"],["France","352"],["United kingdom","290"],["Spain","263"],["Netherlands","156"],["Sweden","89"],["United states","81"],["Austria","77"]],"topCountriesCash":[["Belgium","231576456.5"],["Germany","77298650"],["United states","61335965.5"],["United kingdom","59137387.5"],["France","40642491.5"],["Spain","39465660"],["Italy","23739381"],["Netherlands","17714947.5"],["Greece","16307820.5"],["Portugal","15839979.5"]],"topLobbyPeople":[["412695711708-33","Asociación Internacional Happy Children","4250"],["085320713395-48","GUARDIA FAUNISTICA AMBIENTALE (GFA)","600"],["060699823331-49","SéHy - Sécurité-Hygiène = nom formation universitaire au début de l'association","400"],["795108125772-36","The University of Nottingham","340"],["893256525431-44","University of Glasgow (UGLA)","300"],["8768994186-53","Lietuvos mokslų akademija","226"],["501262611204-82","Austrian Senior Experts Pool","160"],["745048317599-40","ASOCIAŢIA SOCIETATEA ROMÂNĂ PT PREVENIREA ŞI RECUPERAREA MEDICALĂ A PERSOANELOR CU ACCIDENT VASCULAR CEREBRAL (S.R.P.R.M.P.A.V.C.)","134"],["574396814111-25","Fundación Secretariado Gitano","124"],["34293437617-43","Consiglio Italiano del Movimento Europeo","120"]],"topLobbyCash":[["311716624860-88","Sagardoy Abogados","17716451"],["564852425031-82","I.R.I.S. Solutions & Experts S.A. (I.R.I.S. S&E)","11056720"],["251809024337-33","Αριστοτέλειο Πανεπιστήμιο Θεσσαλονίκης (ΑΠΘ)","10000000"],["640075618084-13","JA Europe","8124999.5"],["33213703459-54","Insurance Europe","6874999.5"],["177994617312-19","The Brookings Institution","6374999.5"],["29896393398-67","FTI Consulting Belgium","6124999.5"],["327277116152-88","Câmara Municipal de Ponta Delgada","6124999.5"],["4016736872-59","General Electric Company","5374999.5"],["03181945560-59","Google","5374999.5"]]}