{"idLang":21,"id":"Employment and Social Affairs","nbLobby":3907,"perNbLobby":0.3040703556697019,"rankNbLobby":32,"cash":212253867.201611,"rankCash":15,"nbLobbyist":8628.604482839131,"topCountries":[["Belgium","878"],["Germany","433"],["Italy","354"],["France","352"],["United kingdom","290"],["Spain","263"],["Netherlands","156"],["Sweden","89"],["United states","81"],["Austria","77"]],"topLobbyPeople":[["412695711708-33","4250"],["085320713395-48","600"],["060699823331-49","400"],["795108125772-36","340"],["893256525431-44","300"],["8768994186-53","226"],["501262611204-82","160"],["745048317599-40","134"],["574396814111-25","124"],["34293437617-43","120"]],"topLobbyCash":[["412695711708-33","4250"],["085320713395-48","600"],["060699823331-49","400"],["795108125772-36","340"],["893256525431-44","300"],["8768994186-53","226"],["501262611204-82","160"],["745048317599-40","134"],["574396814111-25","124"],["34293437617-43","120"]]}