{"idLang":10,"id":"Energy","nbLobby":4681,"perNbLobby":0.3643085064985602,"rankNbLobby":14,"cash":296273367.94139624,"rankCash":7,"nbLobbyist":11599.947155420656,"topCountries":[["Belgium","916"],["Germany","579"],["United kingdom","394"],["France","384"],["Italy","378"],["Spain","334"],["Netherlands","211"],["United states","130"],["Sweden","107"],["Finland","101"]],"topLobbyPeople":[["412695711708-33","4250"],["085320713395-48","600"],["795108125772-36","340"],["893256525431-44","300"],["8768994186-53","226"],["341668712648-90","169"],["01152007812-56","165"],["501262611204-82","160"],["256799815101-78","153"],["227730411485-31","125"]],"topLobbyCash":[["412695711708-33","4250"],["085320713395-48","600"],["795108125772-36","340"],["893256525431-44","300"],["8768994186-53","226"],["341668712648-90","169"],["01152007812-56","165"],["501262611204-82","160"],["256799815101-78","153"],["227730411485-31","125"]]}