{"idLang":10,"id":"Energy","nbLobby":4681,"perNbLobby":0.3643085064985602,"rankNbLobby":14,"cash":295760604.26496226,"rankCash":7,"nbLobbyist":11604,"topCountriesNb":[["Belgium","916"],["Germany","579"],["United kingdom","394"],["France","384"],["Italy","378"],["Spain","334"],["Netherlands","211"],["United states","130"],["Sweden","107"],["Finland","101"]],"topCountriesCash":[["Belgium","916"],["Germany","579"],["United kingdom","394"],["France","384"],["Italy","378"],["Spain","334"],["Netherlands","211"],["United states","130"],["Sweden","107"],["Finland","101"]],"topLobbyPeople":[["Belgium","255261256.5","Germany"],["104014291","United kingdom","67222845"],["United states","62723446.5","France"],["47386858","Spain","35592907"],["Italy","25592363","Netherlands"],["24899219.5","Greece","23977815"],["Sweden","20568963"]],"topLobbyCash":[["Belgium","255261256.5","Germany"],["104014291","United kingdom","67222845"],["United states","62723446.5","France"],["47386858","Spain","35592907"],["Italy","25592363","Netherlands"],["24899219.5","Greece","23977815"],["Sweden","20568963"]]}