{"idLang":10,"id":"Energy","nbLobby":4681,"perNbLobby":0.3643085064985602,"rankNbLobby":14,"cash":295760604.26496226,"rankCash":7,"nbLobbyist":11604,"topCountriesNb":[["Belgium","916"],["Germany","579"],["United kingdom","394"],["France","384"],["Italy","378"],["Spain","334"],["Netherlands","211"],["United states","130"],["Sweden","107"],["Finland","101"]],"topCountriesCash":[["Belgium","255261256.5"],["Germany","104014291"],["United kingdom","67222845"],["United states","62723446.5"],["France","47386858"],["Spain","35592907"],["Italy","25592363"],["Netherlands","24899219.5"],["Greece","23977815"],["Sweden","20568963"]],"topLobbyPeople":[["412695711708-33","Asociación Internacional Happy Children","4250"],["085320713395-48","GUARDIA FAUNISTICA AMBIENTALE (GFA)","600"],["795108125772-36","The University of Nottingham","340"],["893256525431-44","University of Glasgow (UGLA)","300"],["8768994186-53","Lietuvos mokslų akademija","226"],["341668712648-90","FEDERATION ENVIRONNEMENT DURABLE","169"],["01152007812-56","Fundación Tekniker","165"],["501262611204-82","Austrian Senior Experts Pool","160"],["256799815101-78","UNINOVA-Instituto de Desenvolvimento de Novas Tecnologias","153"],["227730411485-31","ASSOCIATION of STEVEDORECOMPANIES of LATVIA Biedrība \" Latvijas Stividorkompāniju Asociācija \" (LSA)","125"]],"topLobbyCash":[["564852425031-82","I.R.I.S. Solutions & Experts S.A. (I.R.I.S. S&E)","11056720"],["251809024337-33","Αριστοτέλειο Πανεπιστήμιο Θεσσαλονίκης (ΑΠΘ)","10000000"],["56047191389-84","Fleishman-Hillard","6874999.5"],["33213703459-54","Insurance Europe","6874999.5"],["876602816224-14","Stiftung Mercator","6874999.5"],["153944624341-42","ANTIPOLLUTION S.A. (ANTIPOLLUTION)","6874999.5"],["177994617312-19","The Brookings Institution","6374999.5"],["29896393398-67","FTI Consulting Belgium","6124999.5"],["327277116152-88","Câmara Municipal de Ponta Delgada","6124999.5"],["4016736872-59","General Electric Company","5374999.5"]]}