{"idLang":3,"id":"Enlargement","nbLobby":1566,"perNbLobby":0.12187718888629466,"rankNbLobby":23,"cash":48418329.01330843,"rankCash":33,"nbLobbyist":1430.1069343917816,"topCountries":[["Belgium","412"],["Italy","162"],["Germany","155"],["France","122"],["United kingdom","106"],["Spain","76"],["Netherlands","64"],["Austria","45"],["United states","42"],["Poland","41"]],"topLobbyPeople":[["085320713395-48","600"],["795108125772-36","340"],["893256525431-44","300"],["501262611204-82","160"],["93614845314-44","100"],["163449611538-93","100"],["34440804405-24","88"],["536909915836-27","86"],["15423437054-40","84"],["072659518836-70","79"]],"topLobbyCash":[["085320713395-48","600"],["795108125772-36","340"],["893256525431-44","300"],["501262611204-82","160"],["93614845314-44","100"],["163449611538-93","100"],["34440804405-24","88"],["536909915836-27","86"],["15423437054-40","84"],["072659518836-70","79"]]}