{"idLang":3,"id":"Enlargement","nbLobby":1566,"perNbLobby":0.12187718888629466,"rankNbLobby":23,"cash":48226372.44081252,"rankCash":33,"nbLobbyist":1430,"topCountriesNb":[["Belgium","412"],["Italy","162"],["Germany","155"],["France","122"],["United kingdom","106"],["Spain","76"],["Netherlands","64"],["Austria","45"],["United states","42"],["Poland","41"]],"topCountriesCash":[["Belgium","169972727"],["Germany","48232447"],["United states","38598483.5"],["United kingdom","24727958.5"],["France","16979953"],["Italy","15639942.5"],["Greece","13394990.5"],["Austria","8069983"],["Ireland","7822492.5"],["Switzerland","6909489.5"]],"topLobbyPeople":[["085320713395-48","GUARDIA FAUNISTICA AMBIENTALE (GFA)","600"],["795108125772-36","The University of Nottingham","340"],["893256525431-44","University of Glasgow (UGLA)","300"],["501262611204-82","Austrian Senior Experts Pool","160"],["93614845314-44","BAFI Belgian AirFreight Institute (BAFI)","100"],["163449611538-93","Telespazio (TPZ)","100"],["34440804405-24","UNIVERSIDAD DE ALICANTE","88"],["536909915836-27","University of Warwick","86"],["15423437054-40","Verband der Chemischen Industrie e.V.","84"],["072659518836-70","Ενωση Περιφερειων Ελλαδας (ΕΝΠΕ)","79"]],"topLobbyCash":[["564852425031-82","I.R.I.S. Solutions & Experts S.A. (I.R.I.S. S&E)","11056720"],["251809024337-33","Αριστοτέλειο Πανεπιστήμιο Θεσσαλονίκης (ΑΠΘ)","10000000"],["110514415986-77","customs4trade","9124999.5"],["56047191389-84","Fleishman-Hillard","6874999.5"],["177994617312-19","The Brookings Institution","6374999.5"],["29896393398-67","FTI Consulting Belgium","6124999.5"],["4016736872-59","General Electric Company","5374999.5"],["656911421939-69","Wilton Park Executive Agency (Wilton Park)","5217609"],["7028457765-59","Interel European Affairs","4874999.5"],["12493392840-79","EUROCITIES","4874999.5"]]}