{"idLang":24,"id":"Enterprise","nbLobby":4951,"perNbLobby":0.38532181492723167,"rankNbLobby":26,"cash":332608433.7344151,"rankCash":5,"nbLobbyist":10374,"topCountriesNb":[["Belgium","1042"],["Germany","659"],["France","475"],["Italy","472"],["United kingdom","390"],["Spain","327"],["Netherlands","180"],["United states","145"],["Sweden","107"],["Poland","104"]],"topCountriesCash":[["Belgium","1042"],["Germany","659"],["France","475"],["Italy","472"],["United kingdom","390"],["Spain","327"],["Netherlands","180"],["United states","145"],["Sweden","107"],["Poland","104"]],"topLobbyPeople":[["Belgium","276769385.5","Germany"],["109885260","United kingdom","76523349.5"],["United states","76470937","France"],["60501940","Spain","49578634.5"],["Italy","30067332.5","Netherlands"],["25516937.5","Switzerland","19828965.5"],["Sweden","16995464"]],"topLobbyCash":[["Belgium","276769385.5","Germany"],["109885260","United kingdom","76523349.5"],["United states","76470937","France"],["60501940","Spain","49578634.5"],["Italy","30067332.5","Netherlands"],["25516937.5","Switzerland","19828965.5"],["Sweden","16995464"]]}