{"idLang":24,"id":"Enterprise","nbLobby":4951,"perNbLobby":0.38532181492723167,"rankNbLobby":26,"cash":332608433.7344151,"rankCash":5,"nbLobbyist":10374,"topCountriesNb":[["Belgium","1042"],["Germany","659"],["France","475"],["Italy","472"],["United kingdom","390"],["Spain","327"],["Netherlands","180"],["United states","145"],["Sweden","107"],["Poland","104"]],"topCountriesCash":[["Belgium","276769385.5"],["Germany","109885260"],["United kingdom","76523349.5"],["United states","76470937"],["France","60501940"],["Spain","49578634.5"],["Italy","30067332.5"],["Netherlands","25516937.5"],["Switzerland","19828965.5"],["Sweden","16995464"]],"topLobbyPeople":[["085320713395-48","GUARDIA FAUNISTICA AMBIENTALE (GFA)","600"],["795108125772-36","The University of Nottingham","340"],["893256525431-44","University of Glasgow (UGLA)","300"],["2401666440-09","Fédération de l’Union Européenne des Consuls Honoraires","170"],["01152007812-56","Fundación Tekniker","165"],["501262611204-82","Austrian Senior Experts Pool","160"],["256799815101-78","UNINOVA-Instituto de Desenvolvimento de Novas Tecnologias","153"],["745048317599-40","ASOCIAŢIA SOCIETATEA ROMÂNĂ PT PREVENIREA ŞI RECUPERAREA MEDICALĂ A PERSOANELOR CU ACCIDENT VASCULAR CEREBRAL (S.R.P.R.M.P.A.V.C.)","134"],["574396814111-25","Fundación Secretariado Gitano","124"],["123192515096-52","Συνδεσμος Ελληνων Εισαγωγέων Τροφίμων και ποτών Εξωτερικού","108"]],"topLobbyCash":[["311716624860-88","Sagardoy Abogados","17716451"],["564852425031-82","I.R.I.S. Solutions & Experts S.A. (I.R.I.S. S&E)","11056720"],["251809024337-33","Αριστοτέλειο Πανεπιστήμιο Θεσσαλονίκης (ΑΠΘ)","10000000"],["110514415986-77","customs4trade","9124999.5"],["640075618084-13","JA Europe","8124999.5"],["56047191389-84","Fleishman-Hillard","6874999.5"],["33213703459-54","Insurance Europe","6874999.5"],["177994617312-19","The Brookings Institution","6374999.5"],["29896393398-67","FTI Consulting Belgium","6124999.5"],["4016736872-59","General Electric Company","5374999.5"]]}