{"idLang":24,"id":"Enterprise","nbLobby":4952,"perNbLobby":0.38539964199548604,"rankNbLobby":26,"cash":333379931.2460114,"rankCash":5,"nbLobbyist":10378,"topCountries":[["Belgium","1042"],["Germany","659"],["France","475"],["Italy","472"],["United kingdom","390"],["Spain","327"],["Netherlands","180"],["United states","145"],["Sweden","107"],["Poland","104"]],"topLobbyPeople":[["085320713395-48","600"],["795108125772-36","340"],["893256525431-44","300"],["2401666440-09","170"],["01152007812-56","165"],["501262611204-82","160"],["256799815101-78","153"],["745048317599-40","134"],["574396814111-25","124"],["123192515096-52","108"]],"topLobbyCash":[["085320713395-48","600"],["795108125772-36","340"],["893256525431-44","300"],["2401666440-09","170"],["01152007812-56","165"],["501262611204-82","160"],["256799815101-78","153"],["745048317599-40","134"],["574396814111-25","124"],["123192515096-52","108"]]}