{"idLang":15,"id":"Environment","nbLobby":6378,"perNbLobby":0.4963810413261732,"rankNbLobby":21,"cash":489525897.53210366,"rankCash":1,"nbLobbyist":20197,"topCountriesNb":[["Belgium","1200"],["Germany","748"],["France","623"],["United kingdom","555"],["Italy","543"],["Spain","466"],["Netherlands","310"],["United states","166"],["Sweden","138"],["Finland","123"]],"topCountriesCash":[["Belgium","1200"],["Germany","748"],["France","623"],["United kingdom","555"],["Italy","543"],["Spain","466"],["Netherlands","310"],["United states","166"],["Sweden","138"],["Finland","123"]],"topLobbyPeople":[["Belgium","301182413","Germany"],["108894726","United kingdom","88526783.5"],["United states","74135429.5","France"],["66205768.5","Spain","54807858.5"],["Netherlands","35294393","Italy"],["33812764","Switzerland","27671455.5"],["Greece","26905308.5"]],"topLobbyCash":[["Belgium","301182413","Germany"],["108894726","United kingdom","88526783.5"],["United states","74135429.5","France"],["66205768.5","Spain","54807858.5"],["Netherlands","35294393","Italy"],["33812764","Switzerland","27671455.5"],["Greece","26905308.5"]]}