{"idLang":15,"id":"Environment","nbLobby":6373,"perNbLobby":0.49599190598490156,"rankNbLobby":21,"cash":489610848.3483929,"rankCash":1,"nbLobbyist":20161.07899447428,"topCountries":[["Belgium","1200"],["Germany","747"],["France","622"],["United kingdom","554"],["Italy","542"],["Spain","466"],["Netherlands","310"],["United states","166"],["Sweden","138"],["Finland","123"]],"topLobbyPeople":[["412695711708-33","4250"],["085320713395-48","600"],["48512405429-11","440"],["242867516855-06","420"],["060699823331-49","400"],["795108125772-36","340"],["893256525431-44","300"],["8768994186-53","226"],["344747327303-19","201"],["2401666440-09","170"]],"topLobbyCash":[["412695711708-33","4250"],["085320713395-48","600"],["48512405429-11","440"],["242867516855-06","420"],["060699823331-49","400"],["795108125772-36","340"],["893256525431-44","300"],["8768994186-53","226"],["344747327303-19","201"],["2401666440-09","170"]]}