{"idLang":15,"id":"Environment","nbLobby":6378,"perNbLobby":0.4963810413261732,"rankNbLobby":21,"cash":489525897.53210366,"rankCash":1,"nbLobbyist":20197,"topCountriesNb":[["Belgium","1200"],["Germany","748"],["France","623"],["United kingdom","555"],["Italy","543"],["Spain","466"],["Netherlands","310"],["United states","166"],["Sweden","138"],["Finland","123"]],"topCountriesCash":[["Belgium","301182413"],["Germany","108894726"],["United kingdom","88526783.5"],["United states","74135429.5"],["France","66205768.5"],["Spain","54807858.5"],["Netherlands","35294393"],["Italy","33812764"],["Switzerland","27671455.5"],["Greece","26905308.5"]],"topLobbyPeople":[["412695711708-33","Asociación Internacional Happy Children","4250"],["085320713395-48","GUARDIA FAUNISTICA AMBIENTALE (GFA)","600"],["48512405429-11","REAL CASA DE PORTUGAL (Real Casa)","440"],["242867516855-06","International Food Policy Research Institute","420"],["060699823331-49","SéHy - Sécurité-Hygiène = nom formation universitaire au début de l'association","400"],["795108125772-36","The University of Nottingham","340"],["893256525431-44","University of Glasgow (UGLA)","300"],["8768994186-53","Lietuvos mokslų akademija","226"],["344747327303-19","Center of Global Consciousness","201"],["2401666440-09","Fédération de l’Union Européenne des Consuls Honoraires","170"]],"topLobbyCash":[["564852425031-82","I.R.I.S. Solutions & Experts S.A. (I.R.I.S. S&E)","11056720"],["246886925195-64","Empresa Municipal de Transportes de Madrid S.A (EMT de Madrid)","10000000"],["251809024337-33","Αριστοτέλειο Πανεπιστήμιο Θεσσαλονίκης (ΑΠΘ)","10000000"],["640075618084-13","JA Europe","8124999.5"],["56047191389-84","Fleishman-Hillard","6874999.5"],["33213703459-54","Insurance Europe","6874999.5"],["876602816224-14","Stiftung Mercator","6874999.5"],["153944624341-42","ANTIPOLLUTION S.A. (ANTIPOLLUTION)","6874999.5"],["177994617312-19","The Brookings Institution","6374999.5"],["29896393398-67","FTI Consulting Belgium","6124999.5"]]}