{"idLang":26,"id":"External Relations","nbLobby":2841,"perNbLobby":0.2211067009105767,"rankNbLobby":18,"cash":133351074.57401353,"rankCash":22,"nbLobbyist":5215.685967779594,"topCountries":[["Belgium","632"],["Italy","277"],["Germany","255"],["France","237"],["United kingdom","220"],["Spain","214"],["Netherlands","124"],["United states","109"],["Switzerland","84"],["Poland","53"]],"topLobbyPeople":[["412695711708-33","4250"],["085320713395-48","600"],["795108125772-36","340"],["893256525431-44","300"],["344747327303-19","201"],["2401666440-09","170"],["653356213887-97","156"],["256799815101-78","153"],["156725316884-79","150"],["574396814111-25","124"]],"topLobbyCash":[["412695711708-33","4250"],["085320713395-48","600"],["795108125772-36","340"],["893256525431-44","300"],["344747327303-19","201"],["2401666440-09","170"],["653356213887-97","156"],["256799815101-78","153"],["156725316884-79","150"],["574396814111-25","124"]]}