{"idLang":26,"id":"External Relations","nbLobby":2842,"perNbLobby":0.22118452797883104,"rankNbLobby":18,"cash":133078953.85804343,"rankCash":23,"nbLobbyist":5224,"topCountriesNb":[["Belgium","632"],["Italy","277"],["Germany","255"],["France","237"],["United kingdom","220"],["Spain","214"],["Netherlands","124"],["United states","110"],["Switzerland","83"],["Poland","53"]],"topCountriesCash":[["Belgium","189402150"],["Germany","69595211"],["United states","58270954.5"],["United kingdom","54427418"],["Spain","35321172.5"],["France","31018024.5"],["Netherlands","24281749.5"],["Italy","22156902.5"],["Switzerland","18311967.5"],["Greece","14172487"]],"topLobbyPeople":[["412695711708-33","Asociación Internacional Happy Children","4250"],["085320713395-48","GUARDIA FAUNISTICA AMBIENTALE (GFA)","600"],["795108125772-36","The University of Nottingham","340"],["893256525431-44","University of Glasgow (UGLA)","300"],["344747327303-19","Center of Global Consciousness","201"],["2401666440-09","Fédération de l’Union Européenne des Consuls Honoraires","170"],["653356213887-97","Association des Etudiants Tamoules de France (AETF)","156"],["256799815101-78","UNINOVA-Instituto de Desenvolvimento de Novas Tecnologias","153"],["156725316884-79","Emirates Human Rights Association (E.H.R.A)","150"],["574396814111-25","Fundación Secretariado Gitano","124"]],"topLobbyCash":[["311716624860-88","Sagardoy Abogados","17716451"],["564852425031-82","I.R.I.S. Solutions & Experts S.A. (I.R.I.S. S&E)","11056720"],["251809024337-33","Αριστοτέλειο Πανεπιστήμιο Θεσσαλονίκης (ΑΠΘ)","10000000"],["110514415986-77","customs4trade","9124999.5"],["56047191389-84","Fleishman-Hillard","6874999.5"],["33213703459-54","Insurance Europe","6874999.5"],["876602816224-14","Stiftung Mercator","6874999.5"],["738492215435-82","European Centre for Development Policy Management","6374999.5"],["177994617312-19","The Brookings Institution","6374999.5"],["29896393398-67","FTI Consulting Belgium","6124999.5"]]}