{"idLang":29,"id":"Financial Stability","nbLobby":1606,"perNbLobby":0.12499027161646821,"rankNbLobby":9,"cash":36695432.379796095,"rankCash":33,"nbLobbyist":1720,"topCountriesNb":[["Belgium","239"],["United kingdom","188"],["Germany","163"],["Italy","138"],["France","137"],["Spain","96"],["Netherlands","86"],["United states","54"],["Greece","35"],["Sweden","35"]],"topCountriesCash":[["Belgium","75676803"],["United kingdom","34430428.5"],["Germany","28835451"],["United states","25322478"],["Spain","24236717.5"],["France","15424953.5"],["Greece","13954989"],["Sweden","8396988"],["Denmark","6862488"],["United Kingdom","6555103.5"]],"topLobbyPeople":[["412695711708-33","Asociación Internacional Happy Children","4250"],["795108125772-36","The University of Nottingham","340"],["893256525431-44","University of Glasgow (UGLA)","300"],["646142126643-06","Duff &amp; Phelps Ltd","200"],["93614845314-44","BAFI Belgian AirFreight Institute (BAFI)","100"],["163449611538-93","Telespazio (TPZ)","100"],["34440804405-24","UNIVERSIDAD DE ALICANTE","88"],["072659518836-70","Ενωση Περιφερειων Ελλαδας (ΕΝΠΕ)","79"],["346199524382-18","The European Chamber of Commerce of Sri Lanka (ECCSL)","75"],["29896393398-67","FTI Consulting Belgium","70"]],"topLobbyCash":[["311716624860-88","Sagardoy Abogados","17716451"],["564852425031-82","I.R.I.S. Solutions & Experts S.A. (I.R.I.S. S&E)","11056720"],["251809024337-33","Αριστοτέλειο Πανεπιστήμιο Θεσσαλονίκης (ΑΠΘ)","10000000"],["33213703459-54","Insurance Europe","6874999.5"],["29896393398-67","FTI Consulting Belgium","6124999.5"],["4016736872-59","General Electric Company","5374999.5"],["656911421939-69","Wilton Park Executive Agency (Wilton Park)","5217609"],["65110063986-76","Association for Financial Markets in Europe","4624500"],["3978240953-79","BUSINESSEUROPE","4124999.5"],["1078390517-54","Kreab","3624500"]]}