{"idLang":29,"id":"Financial Stability","nbLobby":1606,"perNbLobby":0.12499027161646821,"rankNbLobby":9,"cash":36882917.7872208,"rankCash":34,"nbLobbyist":1720,"topCountries":[["Belgium","239"],["United kingdom","188"],["Germany","163"],["Italy","138"],["France","137"],["Spain","96"],["Netherlands","86"],["United states","54"],["Greece","35"],["Sweden","35"]],"topLobbyPeople":[["412695711708-33","4250"],["795108125772-36","340"],["893256525431-44","300"],["646142126643-06","200"],["93614845314-44","100"],["163449611538-93","100"],["34440804405-24","88"],["072659518836-70","79"],["346199524382-18","75"],["29896393398-67","70"]],"topLobbyCash":[["412695711708-33","4250"],["795108125772-36","340"],["893256525431-44","300"],["646142126643-06","200"],["93614845314-44","100"],["163449611538-93","100"],["34440804405-24","88"],["072659518836-70","79"],["346199524382-18","75"],["29896393398-67","70"]]}