{"idLang":30,"id":"Fisheries and Aquaculture","nbLobby":1671,"perNbLobby":0.13004903105300022,"rankNbLobby":34,"cash":33065344.522881158,"rankCash":35,"nbLobbyist":1527,"topCountriesNb":[["Belgium","260"],["Italy","202"],["Spain","188"],["France","151"],["United kingdom","151"],["Germany","115"],["Netherlands","76"],["Ireland","41"],["United states","41"],["Portugal","38"]],"topCountriesCash":[["Belgium","84819621"],["United states","23720983.5"],["United kingdom","20293945.5"],["Germany","14674460"],["Spain","14673961"],["France","14188947"],["Greece","13649992"],["Italy","12875585.5"],["Ireland","9346038.5"],["Sweden","8649989"]],"topLobbyPeople":[["085320713395-48","GUARDIA FAUNISTICA AMBIENTALE (GFA)","600"],["795108125772-36","The University of Nottingham","340"],["893256525431-44","University of Glasgow (UGLA)","300"],["8768994186-53","Lietuvos mokslų akademija","226"],["341668712648-90","FEDERATION ENVIRONNEMENT DURABLE","169"],["256799815101-78","UNINOVA-Instituto de Desenvolvimento de Novas Tecnologias","153"],["123192515096-52","Συνδεσμος Ελληνων Εισαγωγέων Τροφίμων και ποτών Εξωτερικού","108"],["44155255342-75","Associazione Nazionale GUARDIE PER L'AMBIENTE","100"],["163449611538-93","Telespazio (TPZ)","100"],["360935613003-33","European Society for Rural Sociology","100"]],"topLobbyCash":[["564852425031-82","I.R.I.S. Solutions & Experts S.A. (I.R.I.S. S&E)","11056720"],["251809024337-33","Αριστοτέλειο Πανεπιστήμιο Θεσσαλονίκης (ΑΠΘ)","10000000"],["56047191389-84","Fleishman-Hillard","6874999.5"],["177994617312-19","The Brookings Institution","6374999.5"],["29896393398-67","FTI Consulting Belgium","6124999.5"],["9155503593-86","Burson-Marsteller","4624500"],["299273613885-27","Irish Congress Trade Unions","4124999.5"],["1078390517-54","Kreab","3624500"],["502850024708-03","IBON International Foundation, Inc.","3624500"],["91124993695-29","Teneo cabinet DN","3624500"]]}