{"idLang":30,"id":"Fisheries and Aquaculture","nbLobby":1670,"perNbLobby":0.1299712039847459,"rankNbLobby":34,"cash":33067976.797027007,"rankCash":36,"nbLobbyist":1524.6921939450542,"topCountries":[["Belgium","260"],["Italy","202"],["Spain","188"],["France","151"],["United kingdom","151"],["Germany","115"],["Netherlands","76"],["Ireland","41"],["United states","41"],["Portugal","38"]],"topLobbyPeople":[["085320713395-48","600"],["795108125772-36","340"],["893256525431-44","300"],["8768994186-53","226"],["341668712648-90","169"],["256799815101-78","153"],["123192515096-52","108"],["44155255342-75","100"],["163449611538-93","100"],["360935613003-33","100"]],"topLobbyCash":[["085320713395-48","600"],["795108125772-36","340"],["893256525431-44","300"],["8768994186-53","226"],["341668712648-90","169"],["256799815101-78","153"],["123192515096-52","108"],["44155255342-75","100"],["163449611538-93","100"],["360935613003-33","100"]]}