{"idLang":19,"id":"Food Safety","nbLobby":3024,"perNbLobby":0.23534905440112072,"rankNbLobby":28,"cash":103193159.92155032,"rankCash":25,"nbLobbyist":5509,"topCountriesNb":[["Belgium","614"],["Italy","320"],["Germany","295"],["France","276"],["Spain","257"],["United kingdom","215"],["Netherlands","143"],["United states","79"],["Portugal","58"],["Ireland","57"]],"topCountriesCash":[["Belgium","614"],["Italy","320"],["Germany","295"],["France","276"],["Spain","257"],["United kingdom","215"],["Netherlands","143"],["United states","79"],["Portugal","58"],["Ireland","57"]],"topLobbyPeople":[["Belgium","155013488.5","Germany"],["40636891.5","United kingdom","34913418.5"],["United states","29866470.5","Spain"],["25817935.5","France","21308899.5"],["Italy","17269091","Greece"],["14242825","Netherlands","12918950.5"],["Ireland","12092481"]],"topLobbyCash":[["Belgium","155013488.5","Germany"],["40636891.5","United kingdom","34913418.5"],["United states","29866470.5","Spain"],["25817935.5","France","21308899.5"],["Italy","17269091","Greece"],["14242825","Netherlands","12918950.5"],["Ireland","12092481"]]}