{"idLang":19,"id":"Food Safety","nbLobby":3020,"perNbLobby":0.23503774612810335,"rankNbLobby":28,"cash":103182406.10942486,"rankCash":24,"nbLobbyist":5494.947466728929,"topCountries":[["Belgium","613"],["Italy","319"],["Germany","294"],["France","276"],["Spain","257"],["United kingdom","215"],["Netherlands","143"],["United states","79"],["Portugal","58"],["Ireland","57"]],"topLobbyPeople":[["412695711708-33","4250"],["085320713395-48","600"],["242867516855-06","420"],["060699823331-49","400"],["795108125772-36","340"],["893256525431-44","300"],["8768994186-53","226"],["344747327303-19","201"],["501262611204-82","160"],["123192515096-52","108"]],"topLobbyCash":[["412695711708-33","4250"],["085320713395-48","600"],["242867516855-06","420"],["060699823331-49","400"],["795108125772-36","340"],["893256525431-44","300"],["8768994186-53","226"],["344747327303-19","201"],["501262611204-82","160"],["123192515096-52","108"]]}