{"idLang":19,"id":"Food Safety","nbLobby":3024,"perNbLobby":0.23534905440112072,"rankNbLobby":28,"cash":103193159.92155032,"rankCash":25,"nbLobbyist":5509,"topCountriesNb":[["Belgium","614"],["Italy","320"],["Germany","295"],["France","276"],["Spain","257"],["United kingdom","215"],["Netherlands","143"],["United states","79"],["Portugal","58"],["Ireland","57"]],"topCountriesCash":[["Belgium","155013488.5"],["Germany","40636891.5"],["United kingdom","34913418.5"],["United states","29866470.5"],["Spain","25817935.5"],["France","21308899.5"],["Italy","17269091"],["Greece","14242825"],["Netherlands","12918950.5"],["Ireland","12092481"]],"topLobbyPeople":[["412695711708-33","Asociación Internacional Happy Children","4250"],["085320713395-48","GUARDIA FAUNISTICA AMBIENTALE (GFA)","600"],["242867516855-06","International Food Policy Research Institute","420"],["060699823331-49","SéHy - Sécurité-Hygiène = nom formation universitaire au début de l'association","400"],["795108125772-36","The University of Nottingham","340"],["893256525431-44","University of Glasgow (UGLA)","300"],["8768994186-53","Lietuvos mokslų akademija","226"],["344747327303-19","Center of Global Consciousness","201"],["501262611204-82","Austrian Senior Experts Pool","160"],["123192515096-52","Συνδεσμος Ελληνων Εισαγωγέων Τροφίμων και ποτών Εξωτερικού","108"]],"topLobbyCash":[["564852425031-82","I.R.I.S. Solutions & Experts S.A. (I.R.I.S. S&E)","11056720"],["251809024337-33","Αριστοτέλειο Πανεπιστήμιο Θεσσαλονίκης (ΑΠΘ)","10000000"],["110514415986-77","customs4trade","9124999.5"],["56047191389-84","Fleishman-Hillard","6874999.5"],["177994617312-19","The Brookings Institution","6374999.5"],["29896393398-67","FTI Consulting Belgium","6124999.5"],["7028457765-59","Interel European Affairs","4874999.5"],["9155503593-86","Burson-Marsteller","4624500"],["15423437054-40","Verband der Chemischen Industrie e.V.","4124999.5"],["299273613885-27","Irish Congress Trade Unions","4124999.5"]]}