{"idLang":9,"id":"Foreign and Security Policy and Defence","nbLobby":2000,"perNbLobby":0.1556541365086777,"rankNbLobby":8,"cash":64471774.22367499,"rankCash":29,"nbLobbyist":3147,"topCountries":[["Belgium","412"],["Italy","207"],["France","178"],["Germany","177"],["Spain","154"],["United kingdom","148"],["Netherlands","90"],["United states","81"],["Poland","50"],["Switzerland","42"]],"topLobbyPeople":[["412695711708-33","4250"],["085320713395-48","600"],["48512405429-11","440"],["41548285433-81","440"],["795108125772-36","340"],["893256525431-44","300"],["8768994186-53","226"],["344747327303-19","201"],["2401666440-09","170"],["653356213887-97","156"]],"topLobbyCash":[["412695711708-33","4250"],["085320713395-48","600"],["48512405429-11","440"],["41548285433-81","440"],["795108125772-36","340"],["893256525431-44","300"],["8768994186-53","226"],["344747327303-19","201"],["2401666440-09","170"],["653356213887-97","156"]]}