{"idLang":20,"id":"General and Institutional Affairs","nbLobby":2998,"perNbLobby":0.2333255506265079,"rankNbLobby":2,"cash":152621971.44042337,"rankCash":21,"nbLobbyist":5694,"topCountriesNb":[["Belgium","662"],["Germany","370"],["France","330"],["Italy","293"],["United kingdom","231"],["Spain","206"],["Netherlands","100"],["United states","98"],["Switzerland","63"],["Austria","57"]],"topCountriesCash":[["Belgium","220195133.5"],["Germany","91683860.5"],["United kingdom","57950410"],["United states","54773458.5"],["France","38819496"],["Spain","34281672"],["Italy","20275346"],["Netherlands","17201966"],["Switzerland","16056975"],["Greece","13479986.5"]],"topLobbyPeople":[["412695711708-33","Asociación Internacional Happy Children","4250"],["085320713395-48","GUARDIA FAUNISTICA AMBIENTALE (GFA)","600"],["48512405429-11","REAL CASA DE PORTUGAL (Real Casa)","440"],["41548285433-81","OS CAVALEIROS DA CRUZ AZUL (OS CAVALEIROS)","440"],["795108125772-36","The University of Nottingham","340"],["893256525431-44","University of Glasgow (UGLA)","300"],["574396814111-25","Fundación Secretariado Gitano","124"],["34293437617-43","Consiglio Italiano del Movimento Europeo","120"],["93614845314-44","BAFI Belgian AirFreight Institute (BAFI)","100"],["44155255342-75","Associazione Nazionale GUARDIE PER L'AMBIENTE","100"]],"topLobbyCash":[["311716624860-88","Sagardoy Abogados","17716451"],["564852425031-82","I.R.I.S. Solutions & Experts S.A. (I.R.I.S. S&E)","11056720"],["251809024337-33","Αριστοτέλειο Πανεπιστήμιο Θεσσαλονίκης (ΑΠΘ)","10000000"],["110514415986-77","customs4trade","9124999.5"],["56047191389-84","Fleishman-Hillard","6874999.5"],["33213703459-54","Insurance Europe","6874999.5"],["876602816224-14","Stiftung Mercator","6874999.5"],["177994617312-19","The Brookings Institution","6374999.5"],["29896393398-67","FTI Consulting Belgium","6124999.5"],["327277116152-88","Câmara Municipal de Ponta Delgada","6124999.5"]]}