{"idLang":20,"id":"General and Institutional Affairs","nbLobby":2997,"perNbLobby":0.23324772355825357,"rankNbLobby":2,"cash":152827636.0072379,"rankCash":20,"nbLobbyist":5690,"topCountries":[["Belgium","662"],["Germany","370"],["France","330"],["Italy","293"],["United kingdom","231"],["Spain","206"],["Netherlands","100"],["United states","98"],["Switzerland","63"],["Austria","57"]],"topLobbyPeople":[["412695711708-33","4250"],["085320713395-48","600"],["48512405429-11","440"],["41548285433-81","440"],["795108125772-36","340"],["893256525431-44","300"],["574396814111-25","124"],["34293437617-43","120"],["93614845314-44","100"],["44155255342-75","100"]],"topLobbyCash":[["412695711708-33","4250"],["085320713395-48","600"],["48512405429-11","440"],["41548285433-81","440"],["795108125772-36","340"],["893256525431-44","300"],["574396814111-25","124"],["34293437617-43","120"],["93614845314-44","100"],["44155255342-75","100"]]}