{"idLang":34,"id":"Home Affairs","nbLobby":1907,"perNbLobby":0.1484162191610242,"rankNbLobby":29,"cash":61560310.09662231,"rankCash":31,"nbLobbyist":2775,"topCountries":[["Belgium","463"],["Germany","231"],["France","175"],["Italy","167"],["United kingdom","166"],["Spain","98"],["United states","74"],["Netherlands","71"],["Poland","41"],["Switzerland","36"]],"topLobbyPeople":[["412695711708-33","4250"],["085320713395-48","600"],["48512405429-11","440"],["795108125772-36","340"],["893256525431-44","300"],["8768994186-53","226"],["501262611204-82","160"],["574396814111-25","124"],["34293437617-43","120"],["93614845314-44","100"]],"topLobbyCash":[["412695711708-33","4250"],["085320713395-48","600"],["48512405429-11","440"],["795108125772-36","340"],["893256525431-44","300"],["8768994186-53","226"],["501262611204-82","160"],["574396814111-25","124"],["34293437617-43","120"],["93614845314-44","100"]]}