{"idLang":34,"id":"Home Affairs","nbLobby":1907,"perNbLobby":0.1484162191610242,"rankNbLobby":29,"cash":61448997.93225154,"rankCash":31,"nbLobbyist":2774,"topCountriesNb":[["Belgium","463"],["Germany","231"],["France","175"],["Italy","167"],["United kingdom","166"],["Spain","98"],["United states","74"],["Netherlands","71"],["Poland","41"],["Switzerland","36"]],"topCountriesCash":[["Belgium","154819215.5"],["Germany","53839416.5"],["United states","52875969"],["United kingdom","32763436.5"],["France","22170732.5"],["Greece","12179993"],["Switzerland","11034486"],["Ireland","9809991"],["Italy","9729442"],["Netherlands","9252475"]],"topLobbyPeople":[["412695711708-33","Asociación Internacional Happy Children","4250"],["085320713395-48","GUARDIA FAUNISTICA AMBIENTALE (GFA)","600"],["48512405429-11","REAL CASA DE PORTUGAL (Real Casa)","440"],["795108125772-36","The University of Nottingham","340"],["893256525431-44","University of Glasgow (UGLA)","300"],["8768994186-53","Lietuvos mokslų akademija","226"],["501262611204-82","Austrian Senior Experts Pool","160"],["574396814111-25","Fundación Secretariado Gitano","124"],["34293437617-43","Consiglio Italiano del Movimento Europeo","120"],["93614845314-44","BAFI Belgian AirFreight Institute (BAFI)","100"]],"topLobbyCash":[["564852425031-82","I.R.I.S. Solutions & Experts S.A. (I.R.I.S. S&E)","11056720"],["251809024337-33","Αριστοτέλειο Πανεπιστήμιο Θεσσαλονίκης (ΑΠΘ)","10000000"],["33213703459-54","Insurance Europe","6874999.5"],["177994617312-19","The Brookings Institution","6374999.5"],["29896393398-67","FTI Consulting Belgium","6124999.5"],["4016736872-59","General Electric Company","5374999.5"],["03181945560-59","Google","5374999.5"],["7028457765-59","Interel European Affairs","4874999.5"],["12493392840-79","EUROCITIES","4874999.5"],["0801162959-21","Microsoft Corporation","4624500"]]}