{"idLang":33,"id":"Humanitarian Aid","nbLobby":1659,"perNbLobby":0.12911510623394817,"rankNbLobby":33,"cash":33654173.48459024,"rankCash":35,"nbLobbyist":2441,"topCountriesNb":[["Belgium","353"],["Italy","215"],["France","135"],["Germany","131"],["United kingdom","130"],["Spain","109"],["Netherlands","61"],["United states","43"],["Switzerland","40"],["Greece","37"]],"topCountriesCash":[["Belgium","99911979.5"],["United states","27884482.5"],["United kingdom","20273450.5"],["Germany","13901760.5"],["Greece","13707490"],["Netherlands","10964981"],["Italy","8845887.5"],["France","8806762.5"],["Ireland","8401990.5"],["Sweden","6234493.5"]],"topLobbyPeople":[["412695711708-33","Asociación Internacional Happy Children","4250"],["085320713395-48","GUARDIA FAUNISTICA AMBIENTALE (GFA)","600"],["48512405429-11","REAL CASA DE PORTUGAL (Real Casa)","440"],["41548285433-81","OS CAVALEIROS DA CRUZ AZUL (OS CAVALEIROS)","440"],["795108125772-36","The University of Nottingham","340"],["893256525431-44","University of Glasgow (UGLA)","300"],["344747327303-19","Center of Global Consciousness","201"],["434039726222-41","Bundesverband ANUAS e.V. - Hilfsorganisation für Angehörige von Mord-, Tötungs-, Suizid- und Vermisstenfällen","198"],["2401666440-09","Fédération de l’Union Européenne des Consuls Honoraires","170"],["01152007812-56","Fundación Tekniker","165"]],"topLobbyCash":[["564852425031-82","I.R.I.S. Solutions & Experts S.A. (I.R.I.S. S&E)","11056720"],["251809024337-33","Αριστοτέλειο Πανεπιστήμιο Θεσσαλονίκης (ΑΠΘ)","10000000"],["738492215435-82","European Centre for Development Policy Management","6374999.5"],["177994617312-19","The Brookings Institution","6374999.5"],["29896393398-67","FTI Consulting Belgium","6124999.5"],["03181945560-59","Google","5374999.5"],["656911421939-69","Wilton Park Executive Agency (Wilton Park)","5217609"],["7028457765-59","Interel European Affairs","4874999.5"],["9155503593-86","Burson-Marsteller","4624500"],["299273613885-27","Irish Congress Trade Unions","4124999.5"]]}