{"idLang":33,"id":"Humanitarian Aid","nbLobby":1658,"perNbLobby":0.12903727916569382,"rankNbLobby":33,"cash":33660340.30796171,"rankCash":35,"nbLobbyist":2439,"topCountries":[["Belgium","353"],["Italy","214"],["France","135"],["Germany","131"],["United kingdom","130"],["Spain","109"],["Netherlands","61"],["United states","43"],["Switzerland","40"],["Greece","37"]],"topLobbyPeople":[["412695711708-33","4250"],["085320713395-48","600"],["48512405429-11","440"],["41548285433-81","440"],["795108125772-36","340"],["893256525431-44","300"],["344747327303-19","201"],["434039726222-41","198"],["2401666440-09","170"],["01152007812-56","165"]],"topLobbyCash":[["412695711708-33","4250"],["085320713395-48","600"],["48512405429-11","440"],["41548285433-81","440"],["795108125772-36","340"],["893256525431-44","300"],["344747327303-19","201"],["434039726222-41","198"],["2401666440-09","170"],["01152007812-56","165"]]}