{"idLang":13,"id":"Information Society","nbLobby":4237,"perNbLobby":0.32975328819363375,"rankNbLobby":7,"cash":224827143.05451787,"rankCash":12,"nbLobbyist":9469.195423768388,"topCountries":[["Belgium","818"],["Germany","529"],["France","358"],["United kingdom","329"],["Italy","328"],["Spain","280"],["Netherlands","186"],["United states","164"],["Finland","102"],["Sweden","93"]],"topLobbyPeople":[["412695711708-33","4250"],["085320713395-48","600"],["41548285433-81","440"],["795108125772-36","340"],["893256525431-44","300"],["8768994186-53","226"],["01152007812-56","165"],["256799815101-78","153"],["745048317599-40","134"],["987530918074-88","125"]],"topLobbyCash":[["412695711708-33","4250"],["085320713395-48","600"],["41548285433-81","440"],["795108125772-36","340"],["893256525431-44","300"],["8768994186-53","226"],["01152007812-56","165"],["256799815101-78","153"],["745048317599-40","134"],["987530918074-88","125"]]}