{"idLang":13,"id":"Information Society","nbLobby":4241,"perNbLobby":0.3300645964666511,"rankNbLobby":7,"cash":224627638.5615223,"rankCash":13,"nbLobbyist":9487,"topCountriesNb":[["Belgium","818"],["Germany","529"],["France","358"],["Italy","329"],["United kingdom","329"],["Spain","280"],["Netherlands","186"],["United states","164"],["Finland","102"],["Sweden","94"]],"topCountriesCash":[["Belgium","213180076"],["Germany","81017808.5"],["United states","67645932.5"],["United kingdom","50247874"],["France","38326986"],["Spain","37250656"],["Italy","22274482"],["Netherlands","19972432.5"],["Sweden","17629417"],["Greece","14992818"]],"topLobbyPeople":[["412695711708-33","Asociación Internacional Happy Children","4250"],["085320713395-48","GUARDIA FAUNISTICA AMBIENTALE (GFA)","600"],["41548285433-81","OS CAVALEIROS DA CRUZ AZUL (OS CAVALEIROS)","440"],["795108125772-36","The University of Nottingham","340"],["893256525431-44","University of Glasgow (UGLA)","300"],["8768994186-53","Lietuvos mokslų akademija","226"],["01152007812-56","Fundación Tekniker","165"],["256799815101-78","UNINOVA-Instituto de Desenvolvimento de Novas Tecnologias","153"],["745048317599-40","ASOCIAŢIA SOCIETATEA ROMÂNĂ PT PREVENIREA ŞI RECUPERAREA MEDICALĂ A PERSOANELOR CU ACCIDENT VASCULAR CEREBRAL (S.R.P.R.M.P.A.V.C.)","134"],["987530918074-88","The Joint Institute for Nuclear Research","125"]],"topLobbyCash":[["311716624860-88","Sagardoy Abogados","17716451"],["564852425031-82","I.R.I.S. Solutions & Experts S.A. (I.R.I.S. S&E)","11056720"],["251809024337-33","Αριστοτέλειο Πανεπιστήμιο Θεσσαλονίκης (ΑΠΘ)","10000000"],["56047191389-84","Fleishman-Hillard","6874999.5"],["33213703459-54","Insurance Europe","6874999.5"],["177994617312-19","The Brookings Institution","6374999.5"],["29896393398-67","FTI Consulting Belgium","6124999.5"],["327277116152-88","Câmara Municipal de Ponta Delgada","6124999.5"],["4016736872-59","General Electric Company","5374999.5"],["03181945560-59","Google","5374999.5"]]}