{"idLang":23,"id":"Internal Market","nbLobby":5051,"perNbLobby":0.3931045217526656,"rankNbLobby":20,"cash":339729864.34029883,"rankCash":3,"nbLobbyist":10023,"topCountriesNb":[["Belgium","1154"],["Germany","642"],["France","492"],["United kingdom","451"],["Italy","332"],["Spain","279"],["Netherlands","218"],["United states","177"],["Sweden","126"],["Finland","111"]],"topCountriesCash":[["Belgium","1154"],["Germany","642"],["France","492"],["United kingdom","451"],["Italy","332"],["Spain","279"],["Netherlands","218"],["United states","177"],["Sweden","126"],["Finland","111"]],"topLobbyPeople":[["Belgium","283636562","Germany"],["113573259.5","United states","84735921.5"],["United kingdom","84281315.5","France"],["58769109.5","Netherlands","30158421"],["Switzerland","27851460","Italy"],["24787466.5","Spain","23007696.5"],["Sweden","20774454"]],"topLobbyCash":[["Belgium","283636562","Germany"],["113573259.5","United states","84735921.5"],["United kingdom","84281315.5","France"],["58769109.5","Netherlands","30158421"],["Switzerland","27851460","Italy"],["24787466.5","Spain","23007696.5"],["Sweden","20774454"]]}