{"idLang":23,"id":"Internal Market","nbLobby":5047,"perNbLobby":0.39279321347964824,"rankNbLobby":20,"cash":339687662.7344152,"rankCash":4,"nbLobbyist":9998.551249124446,"topCountries":[["Belgium","1154"],["Germany","640"],["France","491"],["United kingdom","452"],["Italy","332"],["Spain","279"],["Netherlands","218"],["United states","177"],["Sweden","125"],["Finland","111"]],"topLobbyPeople":[["085320713395-48","600"],["795108125772-36","340"],["893256525431-44","300"],["8768994186-53","226"],["501262611204-82","160"],["34293437617-43","120"],["123192515096-52","108"],["93614845314-44","100"],["83287446455-82","100"],["163449611538-93","100"]],"topLobbyCash":[["085320713395-48","600"],["795108125772-36","340"],["893256525431-44","300"],["8768994186-53","226"],["501262611204-82","160"],["34293437617-43","120"],["123192515096-52","108"],["93614845314-44","100"],["83287446455-82","100"],["163449611538-93","100"]]}