{"idLang":23,"id":"Internal Market","nbLobby":5051,"perNbLobby":0.3931045217526656,"rankNbLobby":20,"cash":339729864.34029883,"rankCash":3,"nbLobbyist":10023,"topCountriesNb":[["Belgium","1154"],["Germany","642"],["France","492"],["United kingdom","451"],["Italy","332"],["Spain","279"],["Netherlands","218"],["United states","177"],["Sweden","126"],["Finland","111"]],"topCountriesCash":[["Belgium","283636562"],["Germany","113573259.5"],["United states","84735921.5"],["United kingdom","84281315.5"],["France","58769109.5"],["Netherlands","30158421"],["Switzerland","27851460"],["Italy","24787466.5"],["Spain","23007696.5"],["Sweden","20774454"]],"topLobbyPeople":[["085320713395-48","GUARDIA FAUNISTICA AMBIENTALE (GFA)","600"],["795108125772-36","The University of Nottingham","340"],["893256525431-44","University of Glasgow (UGLA)","300"],["8768994186-53","Lietuvos mokslų akademija","226"],["501262611204-82","Austrian Senior Experts Pool","160"],["34293437617-43","Consiglio Italiano del Movimento Europeo","120"],["123192515096-52","Συνδεσμος Ελληνων Εισαγωγέων Τροφίμων και ποτών Εξωτερικού","108"],["93614845314-44","BAFI Belgian AirFreight Institute (BAFI)","100"],["83287446455-82","Instytut Techniki Budowlanej","100"],["163449611538-93","Telespazio (TPZ)","100"]],"topLobbyCash":[["564852425031-82","I.R.I.S. Solutions & Experts S.A. (I.R.I.S. S&E)","11056720"],["251809024337-33","Αριστοτέλειο Πανεπιστήμιο Θεσσαλονίκης (ΑΠΘ)","10000000"],["56047191389-84","Fleishman-Hillard","6874999.5"],["33213703459-54","Insurance Europe","6874999.5"],["177994617312-19","The Brookings Institution","6374999.5"],["29896393398-67","FTI Consulting Belgium","6124999.5"],["4016736872-59","General Electric Company","5374999.5"],["03181945560-59","Google","5374999.5"],["7028457765-59","Interel European Affairs","4874999.5"],["12493392840-79","EUROCITIES","4874999.5"]]}