{"idLang":27,"id":"Justice and Fundamental Rights","nbLobby":3367,"perNbLobby":0.26204373881235893,"rankNbLobby":11,"cash":158384633.3151218,"rankCash":19,"nbLobbyist":7318,"topCountriesNb":[["Belgium","710"],["Germany","405"],["Italy","316"],["France","312"],["United kingdom","277"],["Spain","181"],["Netherlands","129"],["United states","114"],["Sweden","76"],["Austria","72"]],"topCountriesCash":[["Belgium","198263846.5"],["Germany","73336352"],["United states","64683453.5"],["United kingdom","53943396"],["France","35800181.5"],["Spain","31755691"],["Italy","17638593.5"],["Switzerland","14974477"],["Netherlands","14767455.5"],["Greece","14107485.5"]],"topLobbyPeople":[["412695711708-33","Asociación Internacional Happy Children","4250"],["085320713395-48","GUARDIA FAUNISTICA AMBIENTALE (GFA)","600"],["48512405429-11","REAL CASA DE PORTUGAL (Real Casa)","440"],["41548285433-81","OS CAVALEIROS DA CRUZ AZUL (OS CAVALEIROS)","440"],["795108125772-36","The University of Nottingham","340"],["893256525431-44","University of Glasgow (UGLA)","300"],["8768994186-53","Lietuvos mokslų akademija","226"],["886388618592-84","Asociación de Peritos Judiciales y Bachilleres.","225"],["344747327303-19","Center of Global Consciousness","201"],["434039726222-41","Bundesverband ANUAS e.V. - Hilfsorganisation für Angehörige von Mord-, Tötungs-, Suizid- und Vermisstenfällen","198"]],"topLobbyCash":[["311716624860-88","Sagardoy Abogados","17716451"],["564852425031-82","I.R.I.S. Solutions & Experts S.A. (I.R.I.S. S&E)","11056720"],["251809024337-33","Αριστοτέλειο Πανεπιστήμιο Θεσσαλονίκης (ΑΠΘ)","10000000"],["33213703459-54","Insurance Europe","6874999.5"],["177994617312-19","The Brookings Institution","6374999.5"],["29896393398-67","FTI Consulting Belgium","6124999.5"],["4016736872-59","General Electric Company","5374999.5"],["03181945560-59","Google","5374999.5"],["656911421939-69","Wilton Park Executive Agency (Wilton Park)","5217609"],["7028457765-59","Interel European Affairs","4874999.5"]]}