{"idLang":27,"id":"Justice and Fundamental Rights","nbLobby":3364,"perNbLobby":0.2618102576075959,"rankNbLobby":11,"cash":158322055.67390457,"rankCash":19,"nbLobbyist":7306,"topCountries":[["Belgium","709"],["Germany","404"],["Italy","316"],["France","312"],["United kingdom","277"],["Spain","181"],["Netherlands","128"],["United states","114"],["Sweden","76"],["Austria","72"]],"topLobbyPeople":[["412695711708-33","4250"],["085320713395-48","600"],["48512405429-11","440"],["41548285433-81","440"],["795108125772-36","340"],["893256525431-44","300"],["8768994186-53","226"],["886388618592-84","225"],["344747327303-19","201"],["434039726222-41","198"]],"topLobbyCash":[["412695711708-33","4250"],["085320713395-48","600"],["48512405429-11","440"],["41548285433-81","440"],["795108125772-36","340"],["893256525431-44","300"],["8768994186-53","226"],["886388618592-84","225"],["344747327303-19","201"],["434039726222-41","198"]]}