{"idLang":31,"id":"Public Health","nbLobby":3766,"perNbLobby":0.29309673904584016,"rankNbLobby":12,"cash":182583646.66246402,"rankCash":16,"nbLobbyist":8082,"topCountriesNb":[["Belgium","857"],["Germany","403"],["France","354"],["Italy","337"],["United kingdom","326"],["Spain","222"],["Netherlands","174"],["United states","126"],["Switzerland","104"],["Sweden","85"]],"topCountriesCash":[["Belgium","857"],["Germany","403"],["France","354"],["Italy","337"],["United kingdom","326"],["Spain","222"],["Netherlands","174"],["United states","126"],["Switzerland","104"],["Sweden","85"]],"topLobbyPeople":[["Belgium","206063030","Germany"],["65861857","United states","63418446.5"],["United kingdom","53322373.5","France"],["37193676","Spain","26924228.5"],["Greece","21422481.5","Switzerland"],["20819459.5","Italy","17617384"],["Sweden","16729470.5"]],"topLobbyCash":[["Belgium","206063030","Germany"],["65861857","United states","63418446.5"],["United kingdom","53322373.5","France"],["37193676","Spain","26924228.5"],["Greece","21422481.5","Switzerland"],["20819459.5","Italy","17617384"],["Sweden","16729470.5"]]}