{"idLang":31,"id":"Public Health","nbLobby":3763,"perNbLobby":0.29286325784107714,"rankNbLobby":12,"cash":182462361.6814149,"rankCash":16,"nbLobbyist":8071,"topCountries":[["Belgium","856"],["Germany","403"],["France","354"],["Italy","336"],["United kingdom","326"],["Spain","222"],["Netherlands","174"],["United states","126"],["Switzerland","103"],["Sweden","85"]],"topLobbyPeople":[["412695711708-33","4250"],["085320713395-48","600"],["060699823331-49","400"],["795108125772-36","340"],["893256525431-44","300"],["8768994186-53","226"],["344747327303-19","201"],["341668712648-90","169"],["01152007812-56","165"],["501262611204-82","160"]],"topLobbyCash":[["412695711708-33","4250"],["085320713395-48","600"],["060699823331-49","400"],["795108125772-36","340"],["893256525431-44","300"],["8768994186-53","226"],["344747327303-19","201"],["341668712648-90","169"],["01152007812-56","165"],["501262611204-82","160"]]}