{"idLang":31,"id":"Public Health","nbLobby":3766,"perNbLobby":0.29309673904584016,"rankNbLobby":12,"cash":182583646.66246402,"rankCash":16,"nbLobbyist":8082,"topCountriesNb":[["Belgium","857"],["Germany","403"],["France","354"],["Italy","337"],["United kingdom","326"],["Spain","222"],["Netherlands","174"],["United states","126"],["Switzerland","104"],["Sweden","85"]],"topCountriesCash":[["Belgium","206063030"],["Germany","65861857"],["United states","63418446.5"],["United kingdom","53322373.5"],["France","37193676"],["Spain","26924228.5"],["Greece","21422481.5"],["Switzerland","20819459.5"],["Italy","17617384"],["Sweden","16729470.5"]],"topLobbyPeople":[["412695711708-33","Asociación Internacional Happy Children","4250"],["085320713395-48","GUARDIA FAUNISTICA AMBIENTALE (GFA)","600"],["060699823331-49","SéHy - Sécurité-Hygiène = nom formation universitaire au début de l'association","400"],["795108125772-36","The University of Nottingham","340"],["893256525431-44","University of Glasgow (UGLA)","300"],["8768994186-53","Lietuvos mokslų akademija","226"],["344747327303-19","Center of Global Consciousness","201"],["341668712648-90","FEDERATION ENVIRONNEMENT DURABLE","169"],["01152007812-56","Fundación Tekniker","165"],["501262611204-82","Austrian Senior Experts Pool","160"]],"topLobbyCash":[["564852425031-82","I.R.I.S. Solutions & Experts S.A. (I.R.I.S. S&E)","11056720"],["251809024337-33","Αριστοτέλειο Πανεπιστήμιο Θεσσαλονίκης (ΑΠΘ)","10000000"],["56047191389-84","Fleishman-Hillard","6874999.5"],["33213703459-54","Insurance Europe","6874999.5"],["153944624341-42","ANTIPOLLUTION S.A. (ANTIPOLLUTION)","6874999.5"],["177994617312-19","The Brookings Institution","6374999.5"],["29896393398-67","FTI Consulting Belgium","6124999.5"],["327277116152-88","Câmara Municipal de Ponta Delgada","6124999.5"],["4016736872-59","General Electric Company","5374999.5"],["03181945560-59","Google","5374999.5"]]}