{"idLang":32,"id":"Regional Policy","nbLobby":3141,"perNbLobby":0.24445482138687835,"rankNbLobby":30,"cash":134499376.6523465,"rankCash":21,"nbLobbyist":4984,"topCountriesNb":[["Belgium","586"],["Italy","322"],["Germany","316"],["France","312"],["Spain","234"],["United kingdom","203"],["Netherlands","127"],["Poland","86"],["Austria","70"],["Greece","67"]],"topCountriesCash":[["Belgium","164308168.5"],["Germany","62245882"],["United states","41910976.5"],["France","40930681"],["Spain","37106167.5"],["United kingdom","33478423"],["Italy","20982884"],["Portugal","18012478"],["Greece","15975318"],["Netherlands","14499958.5"]],"topLobbyPeople":[["085320713395-48","GUARDIA FAUNISTICA AMBIENTALE (GFA)","600"],["795108125772-36","The University of Nottingham","340"],["893256525431-44","University of Glasgow (UGLA)","300"],["8768994186-53","Lietuvos mokslų akademija","226"],["501262611204-82","Austrian Senior Experts Pool","160"],["574396814111-25","Fundación Secretariado Gitano","124"],["788741223492-27","Instituto da Segurança Social dos Açores (ISSA)","107"],["93614845314-44","BAFI Belgian AirFreight Institute (BAFI)","100"],["163449611538-93","Telespazio (TPZ)","100"],["360935613003-33","European Society for Rural Sociology","100"]],"topLobbyCash":[["311716624860-88","Sagardoy Abogados","17716451"],["564852425031-82","I.R.I.S. Solutions & Experts S.A. (I.R.I.S. S&E)","11056720"],["251809024337-33","Αριστοτέλειο Πανεπιστήμιο Θεσσαλονίκης (ΑΠΘ)","10000000"],["56047191389-84","Fleishman-Hillard","6874999.5"],["177994617312-19","The Brookings Institution","6374999.5"],["29896393398-67","FTI Consulting Belgium","6124999.5"],["327277116152-88","Câmara Municipal de Ponta Delgada","6124999.5"],["4016736872-59","General Electric Company","5374999.5"],["656911421939-69","Wilton Park Executive Agency (Wilton Park)","5217609"],["7028457765-59","Interel European Affairs","4874999.5"]]}