{"idLang":32,"id":"Regional Policy","nbLobby":3141,"perNbLobby":0.24445482138687835,"rankNbLobby":30,"cash":134499376.6523465,"rankCash":21,"nbLobbyist":4984,"topCountriesNb":[["Belgium","586"],["Italy","322"],["Germany","316"],["France","312"],["Spain","234"],["United kingdom","203"],["Netherlands","127"],["Poland","86"],["Austria","70"],["Greece","67"]],"topCountriesCash":[["Belgium","586"],["Italy","322"],["Germany","316"],["France","312"],["Spain","234"],["United kingdom","203"],["Netherlands","127"],["Poland","86"],["Austria","70"],["Greece","67"]],"topLobbyPeople":[["Belgium","164308168.5","Germany"],["62245882","United states","41910976.5"],["France","40930681","Spain"],["37106167.5","United kingdom","33478423"],["Italy","20982884","Portugal"],["18012478","Greece","15975318"],["Netherlands","14499958.5"]],"topLobbyCash":[["Belgium","164308168.5","Germany"],["62245882","United states","41910976.5"],["France","40930681","Spain"],["37106167.5","United kingdom","33478423"],["Italy","20982884","Portugal"],["18012478","Greece","15975318"],["Netherlands","14499958.5"]]}