{"idLang":32,"id":"Regional Policy","nbLobby":3138,"perNbLobby":0.24422134018211533,"rankNbLobby":30,"cash":134623684.1837497,"rankCash":21,"nbLobbyist":4976.254027550782,"topCountries":[["Belgium","585"],["Italy","322"],["Germany","316"],["France","311"],["Spain","234"],["United kingdom","203"],["Netherlands","127"],["Poland","85"],["Austria","70"],["Greece","67"]],"topLobbyPeople":[["085320713395-48","600"],["795108125772-36","340"],["893256525431-44","300"],["8768994186-53","226"],["501262611204-82","160"],["574396814111-25","124"],["788741223492-27","107"],["93614845314-44","100"],["163449611538-93","100"],["360935613003-33","100"]],"topLobbyCash":[["085320713395-48","600"],["795108125772-36","340"],["893256525431-44","300"],["8768994186-53","226"],["501262611204-82","160"],["574396814111-25","124"],["788741223492-27","107"],["93614845314-44","100"],["163449611538-93","100"],["360935613003-33","100"]]}