{"idLang":22,"id":"Research and Technology","nbLobby":5932,"perNbLobby":0.4616701688847381,"rankNbLobby":19,"cash":414142883.0864659,"rankCash":2,"nbLobbyist":16910.516616079072,"topCountries":[["Belgium","1145"],["Germany","734"],["United kingdom","512"],["Italy","509"],["France","505"],["Spain","434"],["Netherlands","287"],["United states","197"],["Austria","124"],["Sweden","121"]],"topLobbyPeople":[["412695711708-33","4250"],["085320713395-48","600"],["795108125772-36","340"],["893256525431-44","300"],["8768994186-53","226"],["341668712648-90","169"],["01152007812-56","165"],["501262611204-82","160"],["256799815101-78","153"],["987530918074-88","125"]],"topLobbyCash":[["412695711708-33","4250"],["085320713395-48","600"],["795108125772-36","340"],["893256525431-44","300"],["8768994186-53","226"],["341668712648-90","169"],["01152007812-56","165"],["501262611204-82","160"],["256799815101-78","153"],["987530918074-88","125"]]}