{"idLang":22,"id":"Research and Technology","nbLobby":5938,"perNbLobby":0.46213713129426415,"rankNbLobby":19,"cash":414170111.9431862,"rankCash":3,"nbLobbyist":16949,"topCountriesNb":[["Belgium","1146"],["Germany","735"],["United kingdom","512"],["Italy","509"],["France","506"],["Spain","434"],["Netherlands","287"],["United states","197"],["Austria","124"],["Sweden","121"]],"topCountriesCash":[["Belgium","1146"],["Germany","735"],["United kingdom","512"],["Italy","509"],["France","506"],["Spain","434"],["Netherlands","287"],["United states","197"],["Austria","124"],["Sweden","121"]],"topLobbyPeople":[["Belgium","264422173.5","Germany"],["95368736.5","United states","75503419.5"],["United kingdom","67470305","France"],["57466314","Spain","53342374"],["Netherlands","40792903","Italy"],["31819316.5","Greece","26492808"],["Switzerland","23406953.5"]],"topLobbyCash":[["Belgium","264422173.5","Germany"],["95368736.5","United states","75503419.5"],["United kingdom","67470305","France"],["57466314","Spain","53342374"],["Netherlands","40792903","Italy"],["31819316.5","Greece","26492808"],["Switzerland","23406953.5"]]}