{"idLang":22,"id":"Research and Technology","nbLobby":5938,"perNbLobby":0.46213713129426415,"rankNbLobby":19,"cash":414170111.9431862,"rankCash":3,"nbLobbyist":16949,"topCountriesNb":[["Belgium","1146"],["Germany","735"],["United kingdom","512"],["Italy","509"],["France","506"],["Spain","434"],["Netherlands","287"],["United states","197"],["Austria","124"],["Sweden","121"]],"topCountriesCash":[["Belgium","264422173.5"],["Germany","95368736.5"],["United states","75503419.5"],["United kingdom","67470305"],["France","57466314"],["Spain","53342374"],["Netherlands","40792903"],["Italy","31819316.5"],["Greece","26492808"],["Switzerland","23406953.5"]],"topLobbyPeople":[["412695711708-33","Asociación Internacional Happy Children","4250"],["085320713395-48","GUARDIA FAUNISTICA AMBIENTALE (GFA)","600"],["795108125772-36","The University of Nottingham","340"],["893256525431-44","University of Glasgow (UGLA)","300"],["8768994186-53","Lietuvos mokslų akademija","226"],["341668712648-90","FEDERATION ENVIRONNEMENT DURABLE","169"],["01152007812-56","Fundación Tekniker","165"],["501262611204-82","Austrian Senior Experts Pool","160"],["256799815101-78","UNINOVA-Instituto de Desenvolvimento de Novas Tecnologias","153"],["987530918074-88","The Joint Institute for Nuclear Research","125"]],"topLobbyCash":[["564852425031-82","I.R.I.S. Solutions & Experts S.A. (I.R.I.S. S&E)","11056720"],["246886925195-64","Empresa Municipal de Transportes de Madrid S.A (EMT de Madrid)","10000000"],["251809024337-33","Αριστοτέλειο Πανεπιστήμιο Θεσσαλονίκης (ΑΠΘ)","10000000"],["56047191389-84","Fleishman-Hillard","6874999.5"],["153944624341-42","ANTIPOLLUTION S.A. (ANTIPOLLUTION)","6874999.5"],["738492215435-82","European Centre for Development Policy Management","6374999.5"],["177994617312-19","The Brookings Institution","6374999.5"],["29896393398-67","FTI Consulting Belgium","6124999.5"],["327277116152-88","Câmara Municipal de Ponta Delgada","6124999.5"],["4016736872-59","General Electric Company","5374999.5"]]}