{"idLang":36,"id":"Sport","nbLobby":1148,"perNbLobby":0.08934547435598102,"rankNbLobby":36,"cash":18424604.24453265,"rankCash":36,"nbLobbyist":1226.7133629076193,"topCountries":[["Belgium","229"],["Italy","171"],["France","105"],["United kingdom","103"],["Germany","90"],["Spain","71"],["Netherlands","35"],["Switzerland","29"],["Portugal","27"],["United states","24"]],"topLobbyPeople":[["412695711708-33","4250"],["085320713395-48","600"],["41548285433-81","440"],["795108125772-36","340"],["893256525431-44","300"],["501262611204-82","160"],["745048317599-40","134"],["550479521447-20","110"],["163449611538-93","100"],["028261825828-34","100"]],"topLobbyCash":[["412695711708-33","4250"],["085320713395-48","600"],["41548285433-81","440"],["795108125772-36","340"],["893256525431-44","300"],["501262611204-82","160"],["745048317599-40","134"],["550479521447-20","110"],["163449611538-93","100"],["028261825828-34","100"]]}