{"idLang":28,"id":"Taxation","nbLobby":3310,"perNbLobby":0.2576075959218616,"rankNbLobby":17,"cash":182406905.79266867,"rankCash":16,"nbLobbyist":5984,"topCountriesNb":[["Belgium","640"],["Germany","385"],["France","364"],["United kingdom","306"],["Italy","232"],["Spain","209"],["United states","132"],["Netherlands","125"],["Sweden","73"],["Finland","71"]],"topCountriesCash":[["Belgium","219560468"],["Germany","87278862"],["United kingdom","75028877"],["United states","69563945.5"],["France","50618158.5"],["Spain","32184170.5"],["Italy","18144417"],["Switzerland","18119474"],["Netherlands","17889452.5"],["Sweden","17455474"]],"topLobbyPeople":[["412695711708-33","Asociación Internacional Happy Children","4250"],["085320713395-48","GUARDIA FAUNISTICA AMBIENTALE (GFA)","600"],["795108125772-36","The University of Nottingham","340"],["893256525431-44","University of Glasgow (UGLA)","300"],["341668712648-90","FEDERATION ENVIRONNEMENT DURABLE","169"],["745048317599-40","ASOCIAŢIA SOCIETATEA ROMÂNĂ PT PREVENIREA ŞI RECUPERAREA MEDICALĂ A PERSOANELOR CU ACCIDENT VASCULAR CEREBRAL (S.R.P.R.M.P.A.V.C.)","134"],["227730411485-31","ASSOCIATION of STEVEDORECOMPANIES of LATVIA Biedrība \" Latvijas Stividorkompāniju Asociācija \" (LSA)","125"],["93614845314-44","BAFI Belgian AirFreight Institute (BAFI)","100"],["978094510141-34","Banca Monte Paschi Belgio","100"],["163449611538-93","Telespazio (TPZ)","100"]],"topLobbyCash":[["311716624860-88","Sagardoy Abogados","17716451"],["564852425031-82","I.R.I.S. Solutions & Experts S.A. (I.R.I.S. S&E)","11056720"],["251809024337-33","Αριστοτέλειο Πανεπιστήμιο Θεσσαλονίκης (ΑΠΘ)","10000000"],["110514415986-77","customs4trade","9124999.5"],["56047191389-84","Fleishman-Hillard","6874999.5"],["33213703459-54","Insurance Europe","6874999.5"],["177994617312-19","The Brookings Institution","6374999.5"],["29896393398-67","FTI Consulting Belgium","6124999.5"],["4016736872-59","General Electric Company","5374999.5"],["03181945560-59","Google","5374999.5"]]}