{"idLang":28,"id":"Taxation","nbLobby":3310,"perNbLobby":0.2576075959218616,"rankNbLobby":17,"cash":182406905.79266867,"rankCash":16,"nbLobbyist":5984,"topCountriesNb":[["Belgium","640"],["Germany","385"],["France","364"],["United kingdom","306"],["Italy","232"],["Spain","209"],["United states","132"],["Netherlands","125"],["Sweden","73"],["Finland","71"]],"topCountriesCash":[["Belgium","640"],["Germany","385"],["France","364"],["United kingdom","306"],["Italy","232"],["Spain","209"],["United states","132"],["Netherlands","125"],["Sweden","73"],["Finland","71"]],"topLobbyPeople":[["Belgium","219560468","Germany"],["87278862","United kingdom","75028877"],["United states","69563945.5","France"],["50618158.5","Spain","32184170.5"],["Italy","18144417","Switzerland"],["18119474","Netherlands","17889452.5"],["Sweden","17455474"]],"topLobbyCash":[["Belgium","219560468","Germany"],["87278862","United kingdom","75028877"],["United states","69563945.5","France"],["50618158.5","Spain","32184170.5"],["Italy","18144417","Switzerland"],["18119474","Netherlands","17889452.5"],["Sweden","17455474"]]}