{"idLang":28,"id":"Taxation","nbLobby":3309,"perNbLobby":0.2575297688536073,"rankNbLobby":17,"cash":182525630.56012142,"rankCash":16,"nbLobbyist":5980,"topCountries":[["Belgium","640"],["Germany","385"],["France","364"],["United kingdom","306"],["Italy","232"],["Spain","209"],["United states","132"],["Netherlands","125"],["Sweden","73"],["Finland","71"]],"topLobbyPeople":[["412695711708-33","4250"],["085320713395-48","600"],["795108125772-36","340"],["893256525431-44","300"],["341668712648-90","169"],["745048317599-40","134"],["227730411485-31","125"],["93614845314-44","100"],["978094510141-34","100"],["163449611538-93","100"]],"topLobbyCash":[["412695711708-33","4250"],["085320713395-48","600"],["795108125772-36","340"],["893256525431-44","300"],["341668712648-90","169"],["745048317599-40","134"],["227730411485-31","125"],["93614845314-44","100"],["978094510141-34","100"],["163449611538-93","100"]]}