{"idLang":35,"id":"Trade","nbLobby":4279,"perNbLobby":0.333022025060316,"rankNbLobby":3,"cash":268045414.22309127,"rankCash":12,"nbLobbyist":7827,"topCountriesNb":[["Belgium","891"],["Germany","497"],["United kingdom","391"],["France","383"],["Italy","308"],["Spain","272"],["United states","200"],["Netherlands","186"],["Switzerland","87"],["Poland","86"]],"topCountriesCash":[["Belgium","261734543.5"],["Germany","97241817"],["United kingdom","85711348"],["United states","80428416.5"],["France","45034158.5"],["Netherlands","31977726"],["Spain","28239698.5"],["Switzerland","22463967"],["Italy","18924391"],["Sweden","15047967.5"]],"topLobbyPeople":[["085320713395-48","GUARDIA FAUNISTICA AMBIENTALE (GFA)","600"],["795108125772-36","The University of Nottingham","340"],["893256525431-44","University of Glasgow (UGLA)","300"],["886388618592-84","Asociación de Peritos Judiciales y Bachilleres.","225"],["2401666440-09","Fédération de l’Union Européenne des Consuls Honoraires","170"],["01152007812-56","Fundación Tekniker","165"],["501262611204-82","Austrian Senior Experts Pool","160"],["256799815101-78","UNINOVA-Instituto de Desenvolvimento de Novas Tecnologias","153"],["227730411485-31","ASSOCIATION of STEVEDORECOMPANIES of LATVIA Biedrība \" Latvijas Stividorkompāniju Asociācija \" (LSA)","125"],["123192515096-52","Συνδεσμος Ελληνων Εισαγωγέων Τροφίμων και ποτών Εξωτερικού","108"]],"topLobbyCash":[["564852425031-82","I.R.I.S. Solutions & Experts S.A. (I.R.I.S. S&E)","11056720"],["251809024337-33","Αριστοτέλειο Πανεπιστήμιο Θεσσαλονίκης (ΑΠΘ)","10000000"],["110514415986-77","customs4trade","9124999.5"],["56047191389-84","Fleishman-Hillard","6874999.5"],["33213703459-54","Insurance Europe","6874999.5"],["738492215435-82","European Centre for Development Policy Management","6374999.5"],["177994617312-19","The Brookings Institution","6374999.5"],["29896393398-67","FTI Consulting Belgium","6124999.5"],["327277116152-88","Câmara Municipal de Ponta Delgada","6124999.5"],["4016736872-59","General Electric Company","5374999.5"]]}