{"idLang":35,"id":"Trade","nbLobby":4275,"perNbLobby":0.33271071678729863,"rankNbLobby":3,"cash":268001958.7000934,"rankCash":12,"nbLobbyist":7807,"topCountries":[["Belgium","890"],["Germany","495"],["United kingdom","391"],["France","383"],["Italy","308"],["Spain","272"],["United states","200"],["Netherlands","186"],["Switzerland","87"],["Poland","85"]],"topLobbyPeople":[["085320713395-48","600"],["795108125772-36","340"],["893256525431-44","300"],["886388618592-84","225"],["2401666440-09","170"],["01152007812-56","165"],["501262611204-82","160"],["256799815101-78","153"],["227730411485-31","125"],["123192515096-52","108"]],"topLobbyCash":[["085320713395-48","600"],["795108125772-36","340"],["893256525431-44","300"],["886388618592-84","225"],["2401666440-09","170"],["01152007812-56","165"],["501262611204-82","160"],["256799815101-78","153"],["227730411485-31","125"],["123192515096-52","108"]]}