{"idLang":16,"id":"Transport","nbLobby":3581,"perNbLobby":0.2786987314187875,"rankNbLobby":31,"cash":179973606.6204763,"rankCash":18,"nbLobbyist":5959,"topCountriesNb":[["Belgium","700"],["Germany","411"],["France","322"],["Italy","295"],["United kingdom","295"],["Spain","237"],["Netherlands","173"],["Sweden","90"],["United states","84"],["Poland","80"]],"topCountriesCash":[["Belgium","700"],["Germany","411"],["France","322"],["Italy","295"],["United kingdom","295"],["Spain","237"],["Netherlands","173"],["Sweden","90"],["United states","84"],["Poland","80"]],"topLobbyPeople":[["Belgium","213576951","Germany"],["83542850","United states","51048465.5"],["United kingdom","46238383.5","France"],["37655881.5","Spain","30454712.5"],["Netherlands","22466938.5","Italy"],["20387397","Sweden","16146970"],["Greece","14629983"]],"topLobbyCash":[["Belgium","213576951","Germany"],["83542850","United states","51048465.5"],["United kingdom","46238383.5","France"],["37655881.5","Spain","30454712.5"],["Netherlands","22466938.5","Italy"],["20387397","Sweden","16146970"],["Greece","14629983"]]}