{"idLang":16,"id":"Transport","nbLobby":3580,"perNbLobby":0.2786209043505331,"rankNbLobby":31,"cash":180195700.63584715,"rankCash":18,"nbLobbyist":5957,"topCountries":[["Belgium","700"],["Germany","411"],["France","322"],["Italy","295"],["United kingdom","295"],["Spain","237"],["Netherlands","173"],["Sweden","90"],["United states","84"],["Poland","80"]],"topLobbyPeople":[["085320713395-48","600"],["795108125772-36","340"],["893256525431-44","300"],["8768994186-53","226"],["256799815101-78","153"],["745048317599-40","134"],["227730411485-31","125"],["123192515096-52","108"],["93614845314-44","100"],["163449611538-93","100"]],"topLobbyCash":[["085320713395-48","600"],["795108125772-36","340"],["893256525431-44","300"],["8768994186-53","226"],["256799815101-78","153"],["745048317599-40","134"],["227730411485-31","125"],["123192515096-52","108"],["93614845314-44","100"],["163449611538-93","100"]]}