{"idLang":25,"id":"Trans","nbLobby":4758,"perNbLobby":0.3703011907541443,"rankNbLobby":1,"cash":291092996.75110906,"rankCash":8,"nbLobbyist":11804,"topCountries":[["Belgium","903"],["Germany","558"],["Italy","415"],["France","414"],["United kingdom","392"],["Spain","323"],["Netherlands","234"],["Sweden","104"],["United states","104"],["Austria","101"]],"topLobbyPeople":[["412695711708-33","4250"],["085320713395-48","600"],["795108125772-36","340"],["893256525431-44","300"],["8768994186-53","226"],["501262611204-82","160"],["256799815101-78","153"],["745048317599-40","134"],["227730411485-31","125"],["574396814111-25","124"]],"topLobbyCash":[["412695711708-33","4250"],["085320713395-48","600"],["795108125772-36","340"],["893256525431-44","300"],["8768994186-53","226"],["501262611204-82","160"],["256799815101-78","153"],["745048317599-40","134"],["227730411485-31","125"],["574396814111-25","124"]]}