{"idLang":16,"id":"Transport","nbLobby":3581,"perNbLobby":0.2786987314187875,"rankNbLobby":31,"cash":179973606.6204763,"rankCash":18,"nbLobbyist":5959,"topCountriesNb":[["Belgium","700"],["Germany","411"],["France","322"],["Italy","295"],["United kingdom","295"],["Spain","237"],["Netherlands","173"],["Sweden","90"],["United states","84"],["Poland","80"]],"topCountriesCash":[["Belgium","213576951"],["Germany","83542850"],["United states","51048465.5"],["United kingdom","46238383.5"],["France","37655881.5"],["Spain","30454712.5"],["Netherlands","22466938.5"],["Italy","20387397"],["Sweden","16146970"],["Greece","14629983"]],"topLobbyPeople":[["085320713395-48","GUARDIA FAUNISTICA AMBIENTALE (GFA)","600"],["795108125772-36","The University of Nottingham","340"],["893256525431-44","University of Glasgow (UGLA)","300"],["8768994186-53","Lietuvos mokslų akademija","226"],["256799815101-78","UNINOVA-Instituto de Desenvolvimento de Novas Tecnologias","153"],["745048317599-40","ASOCIAŢIA SOCIETATEA ROMÂNĂ PT PREVENIREA ŞI RECUPERAREA MEDICALĂ A PERSOANELOR CU ACCIDENT VASCULAR CEREBRAL (S.R.P.R.M.P.A.V.C.)","134"],["227730411485-31","ASSOCIATION of STEVEDORECOMPANIES of LATVIA Biedrība \" Latvijas Stividorkompāniju Asociācija \" (LSA)","125"],["123192515096-52","Συνδεσμος Ελληνων Εισαγωγέων Τροφίμων και ποτών Εξωτερικού","108"],["93614845314-44","BAFI Belgian AirFreight Institute (BAFI)","100"],["163449611538-93","Telespazio (TPZ)","100"]],"topLobbyCash":[["564852425031-82","I.R.I.S. Solutions & Experts S.A. (I.R.I.S. S&E)","11056720"],["246886925195-64","Empresa Municipal de Transportes de Madrid S.A (EMT de Madrid)","10000000"],["251809024337-33","Αριστοτέλειο Πανεπιστήμιο Θεσσαλονίκης (ΑΠΘ)","10000000"],["56047191389-84","Fleishman-Hillard","6874999.5"],["33213703459-54","Insurance Europe","6874999.5"],["876602816224-14","Stiftung Mercator","6874999.5"],["177994617312-19","The Brookings Institution","6374999.5"],["29896393398-67","FTI Consulting Belgium","6124999.5"],["327277116152-88","Câmara Municipal de Ponta Delgada","6124999.5"],["4016736872-59","General Electric Company","5374999.5"]]}