{"idLang":25,"id":"Trans","nbLobby":4760,"perNbLobby":0.37045684489065295,"rankNbLobby":1,"cash":290865274.42602533,"rankCash":8,"nbLobbyist":11815,"topCountriesNb":[["Belgium","903"],["Germany","558"],["Italy","415"],["France","414"],["United kingdom","392"],["Spain","323"],["Netherlands","234"],["Sweden","104"],["United states","104"],["Austria","101"]],"topCountriesCash":[["Belgium","240029269.5"],["Germany","96535798.5"],["United kingdom","61800344"],["United states","56813457.5"],["Spain","54631135"],["France","45482845.5"],["Italy","27867949.5"],["Netherlands","25514417.5"],["Greece","23567474.5"],["Sweden","18346964.5"]],"topLobbyPeople":[["412695711708-33","Asociación Internacional Happy Children","4250"],["085320713395-48","GUARDIA FAUNISTICA AMBIENTALE (GFA)","600"],["795108125772-36","The University of Nottingham","340"],["893256525431-44","University of Glasgow (UGLA)","300"],["8768994186-53","Lietuvos mokslų akademija","226"],["501262611204-82","Austrian Senior Experts Pool","160"],["256799815101-78","UNINOVA-Instituto de Desenvolvimento de Novas Tecnologias","153"],["745048317599-40","ASOCIAŢIA SOCIETATEA ROMÂNĂ PT PREVENIREA ŞI RECUPERAREA MEDICALĂ A PERSOANELOR CU ACCIDENT VASCULAR CEREBRAL (S.R.P.R.M.P.A.V.C.)","134"],["227730411485-31","ASSOCIATION of STEVEDORECOMPANIES of LATVIA Biedrība \" Latvijas Stividorkompāniju Asociācija \" (LSA)","125"],["574396814111-25","Fundación Secretariado Gitano","124"]],"topLobbyCash":[["311716624860-88","Sagardoy Abogados","17716451"],["564852425031-82","I.R.I.S. Solutions & Experts S.A. (I.R.I.S. S&E)","11056720"],["246886925195-64","Empresa Municipal de Transportes de Madrid S.A (EMT de Madrid)","10000000"],["251809024337-33","Αριστοτέλειο Πανεπιστήμιο Θεσσαλονίκης (ΑΠΘ)","10000000"],["56047191389-84","Fleishman-Hillard","6874999.5"],["33213703459-54","Insurance Europe","6874999.5"],["876602816224-14","Stiftung Mercator","6874999.5"],["153944624341-42","ANTIPOLLUTION S.A. (ANTIPOLLUTION)","6874999.5"],["177994617312-19","The Brookings Institution","6374999.5"],["29896393398-67","FTI Consulting Belgium","6124999.5"]]}