{"idLang":25,"id":"Trans","nbLobby":4760,"perNbLobby":0.37045684489065295,"rankNbLobby":1,"cash":290865274.42602533,"rankCash":8,"nbLobbyist":11815,"topCountriesNb":[["Belgium","903"],["Germany","558"],["Italy","415"],["France","414"],["United kingdom","392"],["Spain","323"],["Netherlands","234"],["Sweden","104"],["United states","104"],["Austria","101"]],"topCountriesCash":[["Belgium","903"],["Germany","558"],["Italy","415"],["France","414"],["United kingdom","392"],["Spain","323"],["Netherlands","234"],["Sweden","104"],["United states","104"],["Austria","101"]],"topLobbyPeople":[["Belgium","240029269.5","Germany"],["96535798.5","United kingdom","61800344"],["United states","56813457.5","Spain"],["54631135","France","45482845.5"],["Italy","27867949.5","Netherlands"],["25514417.5","Greece","23567474.5"],["Sweden","18346964.5"]],"topLobbyCash":[["Belgium","240029269.5","Germany"],["96535798.5","United kingdom","61800344"],["United states","56813457.5","Spain"],["54631135","France","45482845.5"],["Italy","27867949.5","Netherlands"],["25514417.5","Greece","23567474.5"],["Sweden","18346964.5"]]}